  0.0, 1333917.950,-4654153.034, 4138417.764
  0.1, 1333917.950,-4654153.034, 4138417.764
  0.2, 1333917.950,-4654153.034, 4138417.764
  0.3, 1333917.950,-4654153.034, 4138417.764
  0.4, 1333917.950,-4654153.034, 4138417.764
  0.5, 1333917.950,-4654153.034, 4138417.764
  0.6, 1333917.950,-4654153.034, 4138417.764
  0.7, 1333917.950,-4654153.034, 4138417.764
  0.8, 1333917.950,-4654153.034, 4138417.764
  0.9, 1333917.950,-4654153.034, 4138417.764
  1.0, 1333917.950,-4654153.034, 4138417.764
  1.1, 1333917.950,-4654153.034, 4138417.764
  1.2, 1333917.950,-4654153.034, 4138417.764
  1.3, 1333917.950,-4654153.034, 4138417.764
  1.4, 1333917.950,-4654153.034, 4138417.764
  1.5, 1333917.950,-4654153.034, 4138417.764
  1.6, 1333917.950,-4654153.034, 4138417.764
  1.7, 1333917.950,-4654153.034, 4138417.764
  1.8, 1333917.950,-4654153.034, 4138417.764
  1.9, 1333917.950,-4654153.034, 4138417.764
  2.0, 1333917.950,-4654153.034, 4138417.764
  2.1, 1333917.950,-4654153.034, 4138417.764
  2.2, 1333917.950,-4654153.034, 4138417.764
  2.3, 1333917.950,-4654153.034, 4138417.764
  2.4, 1333917.950,-4654153.034, 4138417.764
  2.5, 1333917.950,-4654153.034, 4138417.764
  2.6, 1333917.950,-4654153.034, 4138417.764
  2.7, 1333917.950,-4654153.034, 4138417.764
  2.8, 1333917.950,-4654153.034, 4138417.764
  2.9, 1333917.950,-4654153.034, 4138417.764
  3.0, 1333917.950,-4654153.034, 4138417.764
  3.1, 1333917.950,-4654153.034, 4138417.764
  3.2, 1333917.950,-4654153.034, 4138417.764
  3.3, 1333917.950,-4654153.034, 4138417.764
  3.4, 1333917.950,-4654153.034, 4138417.764
  3.5, 1333917.950,-4654153.034, 4138417.764
  3.6, 1333917.950,-4654153.034, 4138417.764
  3.7, 1333917.950,-4654153.034, 4138417.764
  3.8, 1333917.950,-4654153.034, 4138417.764
  3.9, 1333917.950,-4654153.034, 4138417.764
  4.0, 1333917.950,-4654153.034, 4138417.764
  4.1, 1333917.950,-4654153.034, 4138417.764
  4.2, 1333917.950,-4654153.034, 4138417.764
  4.3, 1333917.950,-4654153.034, 4138417.764
  4.4, 1333917.950,-4654153.034, 4138417.764
  4.5, 1333917.950,-4654153.034, 4138417.764
  4.6, 1333917.950,-4654153.034, 4138417.764
  4.7, 1333917.950,-4654153.034, 4138417.764
  4.8, 1333917.950,-4654153.034, 4138417.764
  4.9, 1333917.950,-4654153.034, 4138417.764
  5.0, 1333917.950,-4654153.034, 4138417.764
  5.1, 1333917.950,-4654153.034, 4138417.764
  5.2, 1333917.950,-4654153.034, 4138417.764
  5.3, 1333917.950,-4654153.034, 4138417.764
  5.4, 1333917.950,-4654153.034, 4138417.764
  5.5, 1333917.950,-4654153.034, 4138417.764
  5.6, 1333917.950,-4654153.034, 4138417.764
  5.7, 1333917.950,-4654153.034, 4138417.764
  5.8, 1333917.950,-4654153.034, 4138417.764
  5.9, 1333917.950,-4654153.034, 4138417.764
  6.0, 1333917.950,-4654153.034, 4138417.764
  6.1, 1333917.950,-4654153.034, 4138417.764
  6.2, 1333917.950,-4654153.034, 4138417.764
  6.3, 1333917.950,-4654153.034, 4138417.764
  6.4, 1333917.950,-4654153.034, 4138417.764
  6.5, 1333917.950,-4654153.034, 4138417.764
  6.6, 1333917.950,-4654153.034, 4138417.764
  6.7, 1333917.950,-4654153.034, 4138417.764
  6.8, 1333917.950,-4654153.034, 4138417.764
  6.9, 1333917.950,-4654153.034, 4138417.764
  7.0, 1333917.950,-4654153.034, 4138417.764
  7.1, 1333917.950,-4654153.034, 4138417.764
  7.2, 1333917.950,-4654153.034, 4138417.764
  7.3, 1333917.950,-4654153.034, 4138417.764
  7.4, 1333917.950,-4654153.034, 4138417.764
  7.5, 1333917.950,-4654153.034, 4138417.764
  7.6, 1333917.950,-4654153.034, 4138417.764
  7.7, 1333917.950,-4654153.034, 4138417.764
  7.8, 1333917.950,-4654153.034, 4138417.764
  7.9, 1333917.950,-4654153.034, 4138417.764
  8.0, 1333917.950,-4654153.034, 4138417.764
  8.1, 1333917.950,-4654153.034, 4138417.764
  8.2, 1333917.950,-4654153.034, 4138417.764
  8.3, 1333917.950,-4654153.034, 4138417.764
  8.4, 1333917.950,-4654153.034, 4138417.764
  8.5, 1333917.950,-4654153.034, 4138417.764
  8.6, 1333917.950,-4654153.034, 4138417.764
  8.7, 1333917.950,-4654153.034, 4138417.764
  8.8, 1333917.950,-4654153.034, 4138417.764
  8.9, 1333917.950,-4654153.034, 4138417.764
  9.0, 1333917.950,-4654153.034, 4138417.764
  9.1, 1333917.950,-4654153.034, 4138417.764
  9.2, 1333917.950,-4654153.034, 4138417.764
  9.3, 1333917.950,-4654153.034, 4138417.764
  9.4, 1333917.950,-4654153.034, 4138417.764
  9.5, 1333917.950,-4654153.034, 4138417.764
  9.6, 1333917.950,-4654153.034, 4138417.764
  9.7, 1333917.950,-4654153.034, 4138417.764
  9.8, 1333917.950,-4654153.034, 4138417.764
  9.9, 1333917.950,-4654153.034, 4138417.764
 10.0, 1333917.950,-4654153.034, 4138417.764
 10.1, 1333917.950,-4654153.034, 4138417.764
 10.2, 1333917.950,-4654153.034, 4138417.764
 10.3, 1333917.950,-4654153.034, 4138417.764
 10.4, 1333917.950,-4654153.034, 4138417.764
 10.5, 1333917.950,-4654153.034, 4138417.764
 10.6, 1333917.950,-4654153.034, 4138417.764
 10.7, 1333917.950,-4654153.034, 4138417.764
 10.8, 1333917.950,-4654153.034, 4138417.764
 10.9, 1333917.950,-4654153.034, 4138417.764
 11.0, 1333917.950,-4654153.034, 4138417.764
 11.1, 1333917.950,-4654153.034, 4138417.764
 11.2, 1333917.950,-4654153.034, 4138417.764
 11.3, 1333917.950,-4654153.034, 4138417.764
 11.4, 1333917.950,-4654153.034, 4138417.764
 11.5, 1333917.950,-4654153.034, 4138417.764
 11.6, 1333917.950,-4654153.034, 4138417.764
 11.7, 1333917.950,-4654153.034, 4138417.764
 11.8, 1333917.950,-4654153.034, 4138417.764
 11.9, 1333917.950,-4654153.034, 4138417.764
 12.0, 1333917.950,-4654153.034, 4138417.764
 12.1, 1333917.950,-4654153.034, 4138417.764
 12.2, 1333917.950,-4654153.034, 4138417.764
 12.3, 1333917.950,-4654153.034, 4138417.764
 12.4, 1333917.950,-4654153.034, 4138417.764
 12.5, 1333917.950,-4654153.034, 4138417.764
 12.6, 1333917.950,-4654153.034, 4138417.764
 12.7, 1333917.950,-4654153.034, 4138417.764
 12.8, 1333917.950,-4654153.034, 4138417.764
 12.9, 1333917.950,-4654153.034, 4138417.764
 13.0, 1333917.950,-4654153.034, 4138417.764
 13.1, 1333917.950,-4654153.034, 4138417.764
 13.2, 1333917.950,-4654153.034, 4138417.764
 13.3, 1333917.950,-4654153.034, 4138417.764
 13.4, 1333917.950,-4654153.034, 4138417.764
 13.5, 1333917.950,-4654153.034, 4138417.764
 13.6, 1333917.950,-4654153.034, 4138417.764
 13.7, 1333917.950,-4654153.034, 4138417.764
 13.8, 1333917.950,-4654153.034, 4138417.764
 13.9, 1333917.950,-4654153.034, 4138417.764
 14.0, 1333917.950,-4654153.034, 4138417.764
 14.1, 1333917.950,-4654153.034, 4138417.764
 14.2, 1333917.950,-4654153.034, 4138417.764
 14.3, 1333917.950,-4654153.034, 4138417.764
 14.4, 1333917.950,-4654153.034, 4138417.764
 14.5, 1333917.950,-4654153.034, 4138417.764
 14.6, 1333917.950,-4654153.034, 4138417.764
 14.7, 1333917.950,-4654153.034, 4138417.764
 14.8, 1333917.950,-4654153.034, 4138417.764
 14.9, 1333917.950,-4654153.034, 4138417.764
 15.0, 1333917.950,-4654153.034, 4138417.764
 15.1, 1333917.950,-4654153.034, 4138417.764
 15.2, 1333917.950,-4654153.034, 4138417.764
 15.3, 1333917.950,-4654153.034, 4138417.764
 15.4, 1333917.950,-4654153.034, 4138417.764
 15.5, 1333917.950,-4654153.034, 4138417.764
 15.6, 1333917.950,-4654153.034, 4138417.764
 15.7, 1333917.950,-4654153.034, 4138417.764
 15.8, 1333917.950,-4654153.034, 4138417.764
 15.9, 1333917.950,-4654153.034, 4138417.764
 16.0, 1333917.950,-4654153.034, 4138417.764
 16.1, 1333917.950,-4654153.034, 4138417.764
 16.2, 1333917.950,-4654153.034, 4138417.764
 16.3, 1333917.950,-4654153.034, 4138417.764
 16.4, 1333917.950,-4654153.034, 4138417.764
 16.5, 1333917.950,-4654153.034, 4138417.764
 16.6, 1333917.950,-4654153.034, 4138417.764
 16.7, 1333917.950,-4654153.034, 4138417.764
 16.8, 1333917.950,-4654153.034, 4138417.764
 16.9, 1333917.950,-4654153.034, 4138417.764
 17.0, 1333917.950,-4654153.034, 4138417.764
 17.1, 1333917.950,-4654153.034, 4138417.764
 17.2, 1333917.950,-4654153.034, 4138417.764
 17.3, 1333917.950,-4654153.034, 4138417.764
 17.4, 1333917.950,-4654153.034, 4138417.764
 17.5, 1333917.950,-4654153.034, 4138417.764
 17.6, 1333917.950,-4654153.034, 4138417.764
 17.7, 1333917.950,-4654153.034, 4138417.764
 17.8, 1333917.950,-4654153.034, 4138417.764
 17.9, 1333917.950,-4654153.034, 4138417.764
 18.0, 1333917.950,-4654153.034, 4138417.764
 18.1, 1333917.950,-4654153.034, 4138417.764
 18.2, 1333917.950,-4654153.034, 4138417.764
 18.3, 1333917.950,-4654153.034, 4138417.764
 18.4, 1333917.950,-4654153.034, 4138417.764
 18.5, 1333917.950,-4654153.034, 4138417.764
 18.6, 1333917.950,-4654153.034, 4138417.764
 18.7, 1333917.950,-4654153.034, 4138417.764
 18.8, 1333917.950,-4654153.034, 4138417.764
 18.9, 1333917.950,-4654153.034, 4138417.764
 19.0, 1333917.950,-4654153.034, 4138417.764
 19.1, 1333917.950,-4654153.034, 4138417.764
 19.2, 1333917.950,-4654153.034, 4138417.764
 19.3, 1333917.950,-4654153.034, 4138417.764
 19.4, 1333917.950,-4654153.034, 4138417.764
 19.5, 1333917.950,-4654153.034, 4138417.764
 19.6, 1333917.950,-4654153.034, 4138417.764
 19.7, 1333917.950,-4654153.034, 4138417.764
 19.8, 1333917.950,-4654153.034, 4138417.764
 19.9, 1333917.950,-4654153.034, 4138417.764
 20.0, 1333917.950,-4654153.034, 4138417.764
 20.1, 1333917.950,-4654153.034, 4138417.764
 20.2, 1333917.950,-4654153.034, 4138417.764
 20.3, 1333917.950,-4654153.034, 4138417.764
 20.4, 1333917.950,-4654153.034, 4138417.764
 20.5, 1333917.950,-4654153.034, 4138417.764
 20.6, 1333917.950,-4654153.034, 4138417.764
 20.7, 1333917.950,-4654153.034, 4138417.764
 20.8, 1333917.950,-4654153.034, 4138417.764
 20.9, 1333917.950,-4654153.034, 4138417.764
 21.0, 1333917.950,-4654153.034, 4138417.764
 21.1, 1333917.950,-4654153.034, 4138417.764
 21.2, 1333917.950,-4654153.034, 4138417.764
 21.3, 1333917.950,-4654153.034, 4138417.764
 21.4, 1333917.950,-4654153.034, 4138417.764
 21.5, 1333917.950,-4654153.034, 4138417.764
 21.6, 1333917.950,-4654153.034, 4138417.764
 21.7, 1333917.950,-4654153.034, 4138417.764
 21.8, 1333917.950,-4654153.034, 4138417.764
 21.9, 1333917.950,-4654153.034, 4138417.764
 22.0, 1333917.950,-4654153.034, 4138417.764
 22.1, 1333917.950,-4654153.034, 4138417.764
 22.2, 1333917.950,-4654153.034, 4138417.764
 22.3, 1333917.950,-4654153.034, 4138417.764
 22.4, 1333917.950,-4654153.034, 4138417.764
 22.5, 1333917.950,-4654153.034, 4138417.764
 22.6, 1333917.950,-4654153.034, 4138417.764
 22.7, 1333917.950,-4654153.034, 4138417.764
 22.8, 1333917.950,-4654153.034, 4138417.764
 22.9, 1333917.950,-4654153.034, 4138417.764
 23.0, 1333917.950,-4654153.034, 4138417.764
 23.1, 1333917.950,-4654153.034, 4138417.764
 23.2, 1333917.950,-4654153.034, 4138417.764
 23.3, 1333917.950,-4654153.034, 4138417.764
 23.4, 1333917.950,-4654153.034, 4138417.764
 23.5, 1333917.950,-4654153.034, 4138417.764
 23.6, 1333917.950,-4654153.034, 4138417.764
 23.7, 1333917.950,-4654153.034, 4138417.764
 23.8, 1333917.950,-4654153.034, 4138417.764
 23.9, 1333917.950,-4654153.034, 4138417.764
 24.0, 1333917.950,-4654153.034, 4138417.764
 24.1, 1333917.950,-4654153.034, 4138417.764
 24.2, 1333917.950,-4654153.034, 4138417.764
 24.3, 1333917.950,-4654153.034, 4138417.764
 24.4, 1333917.950,-4654153.034, 4138417.764
 24.5, 1333917.950,-4654153.034, 4138417.764
 24.6, 1333917.950,-4654153.034, 4138417.764
 24.7, 1333917.950,-4654153.034, 4138417.764
 24.8, 1333917.950,-4654153.034, 4138417.764
 24.9, 1333917.950,-4654153.034, 4138417.764
 25.0, 1333917.950,-4654153.034, 4138417.764
 25.1, 1333917.950,-4654153.034, 4138417.764
 25.2, 1333917.950,-4654153.034, 4138417.764
 25.3, 1333917.950,-4654153.034, 4138417.764
 25.4, 1333917.950,-4654153.034, 4138417.764
 25.5, 1333917.950,-4654153.034, 4138417.764
 25.6, 1333917.950,-4654153.034, 4138417.764
 25.7, 1333917.950,-4654153.034, 4138417.764
 25.8, 1333917.950,-4654153.034, 4138417.764
 25.9, 1333917.950,-4654153.034, 4138417.764
 26.0, 1333917.950,-4654153.034, 4138417.764
 26.1, 1333917.950,-4654153.034, 4138417.764
 26.2, 1333917.950,-4654153.034, 4138417.764
 26.3, 1333917.950,-4654153.034, 4138417.764
 26.4, 1333917.950,-4654153.034, 4138417.764
 26.5, 1333917.950,-4654153.034, 4138417.764
 26.6, 1333917.950,-4654153.034, 4138417.764
 26.7, 1333917.950,-4654153.034, 4138417.764
 26.8, 1333917.950,-4654153.034, 4138417.764
 26.9, 1333917.950,-4654153.034, 4138417.764
 27.0, 1333917.950,-4654153.034, 4138417.764
 27.1, 1333917.950,-4654153.034, 4138417.764
 27.2, 1333917.950,-4654153.034, 4138417.764
 27.3, 1333917.950,-4654153.034, 4138417.764
 27.4, 1333917.950,-4654153.034, 4138417.764
 27.5, 1333917.950,-4654153.034, 4138417.764
 27.6, 1333917.950,-4654153.034, 4138417.764
 27.7, 1333917.950,-4654153.034, 4138417.764
 27.8, 1333917.950,-4654153.034, 4138417.764
 27.9, 1333917.950,-4654153.034, 4138417.764
 28.0, 1333917.950,-4654153.034, 4138417.764
 28.1, 1333917.950,-4654153.034, 4138417.764
 28.2, 1333917.950,-4654153.034, 4138417.764
 28.3, 1333917.950,-4654153.034, 4138417.764
 28.4, 1333917.950,-4654153.034, 4138417.764
 28.5, 1333917.950,-4654153.034, 4138417.764
 28.6, 1333917.950,-4654153.034, 4138417.764
 28.7, 1333917.950,-4654153.034, 4138417.764
 28.8, 1333917.950,-4654153.034, 4138417.764
 28.9, 1333917.950,-4654153.034, 4138417.764
 29.0, 1333917.950,-4654153.034, 4138417.764
 29.1, 1333917.950,-4654153.034, 4138417.764
 29.2, 1333917.950,-4654153.034, 4138417.764
 29.3, 1333917.950,-4654153.034, 4138417.764
 29.4, 1333917.950,-4654153.034, 4138417.764
 29.5, 1333917.950,-4654153.034, 4138417.764
 29.6, 1333917.950,-4654153.034, 4138417.764
 29.7, 1333917.950,-4654153.034, 4138417.764
 29.8, 1333917.950,-4654153.034, 4138417.764
 29.9, 1333917.950,-4654153.034, 4138417.764
 30.0, 1333917.950,-4654153.034, 4138417.764
 30.1, 1333917.950,-4654153.034, 4138417.764
 30.2, 1333917.950,-4654153.034, 4138417.764
 30.3, 1333917.950,-4654153.034, 4138417.764
 30.4, 1333917.950,-4654153.034, 4138417.764
 30.5, 1333917.950,-4654153.034, 4138417.764
 30.6, 1333917.950,-4654153.034, 4138417.764
 30.7, 1333917.950,-4654153.034, 4138417.764
 30.8, 1333917.950,-4654153.034, 4138417.764
 30.9, 1333917.950,-4654153.034, 4138417.764
 31.0, 1333917.950,-4654153.034, 4138417.764
 31.1, 1333917.950,-4654153.034, 4138417.764
 31.2, 1333917.950,-4654153.034, 4138417.764
 31.3, 1333917.950,-4654153.034, 4138417.764
 31.4, 1333917.950,-4654153.034, 4138417.764
 31.5, 1333917.950,-4654153.034, 4138417.764
 31.6, 1333917.950,-4654153.034, 4138417.764
 31.7, 1333917.950,-4654153.034, 4138417.764
 31.8, 1333917.950,-4654153.034, 4138417.764
 31.9, 1333917.950,-4654153.034, 4138417.764
 32.0, 1333917.950,-4654153.034, 4138417.764
 32.1, 1333917.950,-4654153.034, 4138417.764
 32.2, 1333917.950,-4654153.034, 4138417.764
 32.3, 1333917.950,-4654153.034, 4138417.764
 32.4, 1333917.950,-4654153.034, 4138417.764
 32.5, 1333917.950,-4654153.034, 4138417.764
 32.6, 1333917.950,-4654153.034, 4138417.764
 32.7, 1333917.950,-4654153.034, 4138417.764
 32.8, 1333917.950,-4654153.034, 4138417.764
 32.9, 1333917.950,-4654153.034, 4138417.764
 33.0, 1333917.950,-4654153.034, 4138417.764
 33.1, 1333917.950,-4654153.034, 4138417.764
 33.2, 1333917.950,-4654153.034, 4138417.764
 33.3, 1333917.950,-4654153.034, 4138417.764
 33.4, 1333917.950,-4654153.034, 4138417.764
 33.5, 1333917.950,-4654153.034, 4138417.764
 33.6, 1333917.950,-4654153.034, 4138417.764
 33.7, 1333917.950,-4654153.034, 4138417.764
 33.8, 1333917.950,-4654153.034, 4138417.764
 33.9, 1333917.950,-4654153.034, 4138417.764
 34.0, 1333917.950,-4654153.034, 4138417.764
 34.1, 1333917.950,-4654153.034, 4138417.764
 34.2, 1333917.950,-4654153.034, 4138417.764
 34.3, 1333917.950,-4654153.034, 4138417.764
 34.4, 1333917.950,-4654153.034, 4138417.764
 34.5, 1333917.950,-4654153.034, 4138417.764
 34.6, 1333917.950,-4654153.034, 4138417.764
 34.7, 1333917.950,-4654153.034, 4138417.764
 34.8, 1333917.950,-4654153.034, 4138417.764
 34.9, 1333917.950,-4654153.034, 4138417.764
 35.0, 1333917.950,-4654153.034, 4138417.764
 35.1, 1333917.950,-4654153.034, 4138417.764
 35.2, 1333917.950,-4654153.034, 4138417.764
 35.3, 1333917.950,-4654153.034, 4138417.764
 35.4, 1333917.950,-4654153.034, 4138417.764
 35.5, 1333917.950,-4654153.034, 4138417.764
 35.6, 1333917.950,-4654153.034, 4138417.764
 35.7, 1333917.950,-4654153.034, 4138417.764
 35.8, 1333917.950,-4654153.034, 4138417.764
 35.9, 1333917.950,-4654153.034, 4138417.764
 36.0, 1333917.950,-4654153.034, 4138417.764
 36.1, 1333917.950,-4654153.034, 4138417.764
 36.2, 1333917.950,-4654153.034, 4138417.764
 36.3, 1333917.950,-4654153.034, 4138417.764
 36.4, 1333917.950,-4654153.034, 4138417.764
 36.5, 1333917.950,-4654153.034, 4138417.764
 36.6, 1333917.950,-4654153.034, 4138417.764
 36.7, 1333917.950,-4654153.034, 4138417.764
 36.8, 1333917.950,-4654153.034, 4138417.764
 36.9, 1333917.950,-4654153.034, 4138417.764
 37.0, 1333917.950,-4654153.034, 4138417.764
 37.1, 1333917.950,-4654153.034, 4138417.764
 37.2, 1333917.950,-4654153.034, 4138417.764
 37.3, 1333917.950,-4654153.034, 4138417.764
 37.4, 1333917.950,-4654153.034, 4138417.764
 37.5, 1333917.950,-4654153.034, 4138417.764
 37.6, 1333917.950,-4654153.034, 4138417.764
 37.7, 1333917.950,-4654153.034, 4138417.764
 37.8, 1333917.950,-4654153.034, 4138417.764
 37.9, 1333917.950,-4654153.034, 4138417.764
 38.0, 1333917.950,-4654153.034, 4138417.764
 38.1, 1333917.950,-4654153.034, 4138417.764
 38.2, 1333917.950,-4654153.034, 4138417.764
 38.3, 1333917.950,-4654153.034, 4138417.764
 38.4, 1333917.950,-4654153.034, 4138417.764
 38.5, 1333917.950,-4654153.034, 4138417.764
 38.6, 1333917.950,-4654153.034, 4138417.764
 38.7, 1333917.950,-4654153.034, 4138417.764
 38.8, 1333917.950,-4654153.034, 4138417.764
 38.9, 1333917.950,-4654153.034, 4138417.764
 39.0, 1333917.950,-4654153.034, 4138417.764
 39.1, 1333917.950,-4654153.034, 4138417.764
 39.2, 1333917.950,-4654153.034, 4138417.764
 39.3, 1333917.950,-4654153.034, 4138417.764
 39.4, 1333917.950,-4654153.034, 4138417.764
 39.5, 1333917.950,-4654153.034, 4138417.764
 39.6, 1333917.950,-4654153.034, 4138417.764
 39.7, 1333917.950,-4654153.034, 4138417.764
 39.8, 1333917.950,-4654153.034, 4138417.764
 39.9, 1333917.950,-4654153.034, 4138417.764
 40.0, 1333917.950,-4654153.034, 4138417.764
 40.1, 1333917.950,-4654153.034, 4138417.764
 40.2, 1333917.950,-4654153.034, 4138417.764
 40.3, 1333917.950,-4654153.034, 4138417.764
 40.4, 1333917.950,-4654153.034, 4138417.764
 40.5, 1333917.950,-4654153.034, 4138417.764
 40.6, 1333917.950,-4654153.034, 4138417.764
 40.7, 1333917.950,-4654153.034, 4138417.764
 40.8, 1333917.950,-4654153.034, 4138417.764
 40.9, 1333917.950,-4654153.034, 4138417.764
 41.0, 1333917.950,-4654153.034, 4138417.764
 41.1, 1333917.950,-4654153.034, 4138417.764
 41.2, 1333917.950,-4654153.034, 4138417.764
 41.3, 1333917.950,-4654153.034, 4138417.764
 41.4, 1333917.950,-4654153.034, 4138417.764
 41.5, 1333917.950,-4654153.034, 4138417.764
 41.6, 1333917.950,-4654153.034, 4138417.764
 41.7, 1333917.950,-4654153.034, 4138417.764
 41.8, 1333917.950,-4654153.034, 4138417.764
 41.9, 1333917.950,-4654153.034, 4138417.764
 42.0, 1333917.950,-4654153.034, 4138417.764
 42.1, 1333917.950,-4654153.034, 4138417.764
 42.2, 1333917.950,-4654153.034, 4138417.764
 42.3, 1333917.950,-4654153.034, 4138417.764
 42.4, 1333917.950,-4654153.034, 4138417.764
 42.5, 1333917.950,-4654153.034, 4138417.764
 42.6, 1333917.950,-4654153.034, 4138417.764
 42.7, 1333917.950,-4654153.034, 4138417.764
 42.8, 1333917.950,-4654153.034, 4138417.764
 42.9, 1333917.950,-4654153.034, 4138417.764
 43.0, 1333917.950,-4654153.034, 4138417.764
 43.1, 1333917.950,-4654153.034, 4138417.764
 43.2, 1333917.950,-4654153.034, 4138417.764
 43.3, 1333917.950,-4654153.034, 4138417.764
 43.4, 1333917.950,-4654153.034, 4138417.764
 43.5, 1333917.950,-4654153.034, 4138417.764
 43.6, 1333917.950,-4654153.034, 4138417.764
 43.7, 1333917.950,-4654153.034, 4138417.764
 43.8, 1333917.950,-4654153.034, 4138417.764
 43.9, 1333917.950,-4654153.034, 4138417.764
 44.0, 1333917.950,-4654153.034, 4138417.764
 44.1, 1333917.950,-4654153.034, 4138417.764
 44.2, 1333917.950,-4654153.034, 4138417.764
 44.3, 1333917.950,-4654153.034, 4138417.764
 44.4, 1333917.950,-4654153.034, 4138417.764
 44.5, 1333917.950,-4654153.034, 4138417.764
 44.6, 1333917.950,-4654153.034, 4138417.764
 44.7, 1333917.950,-4654153.034, 4138417.764
 44.8, 1333917.950,-4654153.034, 4138417.764
 44.9, 1333917.950,-4654153.034, 4138417.764
 45.0, 1333917.950,-4654153.034, 4138417.764
 45.1, 1333917.950,-4654153.034, 4138417.764
 45.2, 1333917.950,-4654153.034, 4138417.764
 45.3, 1333917.950,-4654153.034, 4138417.764
 45.4, 1333917.950,-4654153.034, 4138417.764
 45.5, 1333917.950,-4654153.034, 4138417.764
 45.6, 1333917.950,-4654153.034, 4138417.764
 45.7, 1333917.950,-4654153.034, 4138417.764
 45.8, 1333917.950,-4654153.034, 4138417.764
 45.9, 1333917.950,-4654153.034, 4138417.764
 46.0, 1333917.950,-4654153.034, 4138417.764
 46.1, 1333917.950,-4654153.034, 4138417.764
 46.2, 1333917.950,-4654153.034, 4138417.764
 46.3, 1333917.950,-4654153.034, 4138417.764
 46.4, 1333917.950,-4654153.034, 4138417.764
 46.5, 1333917.950,-4654153.034, 4138417.764
 46.6, 1333917.950,-4654153.034, 4138417.764
 46.7, 1333917.950,-4654153.034, 4138417.764
 46.8, 1333917.950,-4654153.034, 4138417.764
 46.9, 1333917.950,-4654153.034, 4138417.764
 47.0, 1333917.950,-4654153.034, 4138417.764
 47.1, 1333917.950,-4654153.034, 4138417.764
 47.2, 1333917.950,-4654153.034, 4138417.764
 47.3, 1333917.950,-4654153.034, 4138417.764
 47.4, 1333917.950,-4654153.034, 4138417.764
 47.5, 1333917.950,-4654153.034, 4138417.764
 47.6, 1333917.950,-4654153.034, 4138417.764
 47.7, 1333917.950,-4654153.034, 4138417.764
 47.8, 1333917.950,-4654153.034, 4138417.764
 47.9, 1333917.950,-4654153.034, 4138417.764
 48.0, 1333917.950,-4654153.034, 4138417.764
 48.1, 1333917.950,-4654153.034, 4138417.764
 48.2, 1333917.950,-4654153.034, 4138417.764
 48.3, 1333917.950,-4654153.034, 4138417.764
 48.4, 1333917.950,-4654153.034, 4138417.764
 48.5, 1333917.950,-4654153.034, 4138417.764
 48.6, 1333917.950,-4654153.034, 4138417.764
 48.7, 1333917.950,-4654153.034, 4138417.764
 48.8, 1333917.950,-4654153.034, 4138417.764
 48.9, 1333917.950,-4654153.034, 4138417.764
 49.0, 1333917.950,-4654153.034, 4138417.764
 49.1, 1333917.950,-4654153.034, 4138417.764
 49.2, 1333917.950,-4654153.034, 4138417.764
 49.3, 1333917.950,-4654153.034, 4138417.764
 49.4, 1333917.950,-4654153.034, 4138417.764
 49.5, 1333917.950,-4654153.034, 4138417.764
 49.6, 1333917.950,-4654153.034, 4138417.764
 49.7, 1333917.950,-4654153.034, 4138417.764
 49.8, 1333917.950,-4654153.034, 4138417.764
 49.9, 1333917.950,-4654153.034, 4138417.764
 50.0, 1333917.950,-4654153.034, 4138417.764
 50.1, 1333917.950,-4654153.034, 4138417.764
 50.2, 1333917.950,-4654153.034, 4138417.764
 50.3, 1333917.950,-4654153.034, 4138417.764
 50.4, 1333917.950,-4654153.034, 4138417.764
 50.5, 1333917.950,-4654153.034, 4138417.764
 50.6, 1333917.950,-4654153.034, 4138417.764
 50.7, 1333917.950,-4654153.034, 4138417.764
 50.8, 1333917.950,-4654153.034, 4138417.764
 50.9, 1333917.950,-4654153.034, 4138417.764
 51.0, 1333917.950,-4654153.034, 4138417.764
 51.1, 1333917.950,-4654153.034, 4138417.764
 51.2, 1333917.950,-4654153.034, 4138417.764
 51.3, 1333917.950,-4654153.034, 4138417.764
 51.4, 1333917.950,-4654153.034, 4138417.764
 51.5, 1333917.950,-4654153.034, 4138417.764
 51.6, 1333917.950,-4654153.034, 4138417.764
 51.7, 1333917.950,-4654153.034, 4138417.764
 51.8, 1333917.950,-4654153.034, 4138417.764
 51.9, 1333917.950,-4654153.034, 4138417.764
 52.0, 1333917.950,-4654153.034, 4138417.764
 52.1, 1333917.950,-4654153.034, 4138417.764
 52.2, 1333917.950,-4654153.034, 4138417.764
 52.3, 1333917.950,-4654153.034, 4138417.764
 52.4, 1333917.950,-4654153.034, 4138417.764
 52.5, 1333917.950,-4654153.034, 4138417.764
 52.6, 1333917.950,-4654153.034, 4138417.764
 52.7, 1333917.950,-4654153.034, 4138417.764
 52.8, 1333917.950,-4654153.034, 4138417.764
 52.9, 1333917.950,-4654153.034, 4138417.764
 53.0, 1333917.950,-4654153.034, 4138417.764
 53.1, 1333917.950,-4654153.034, 4138417.764
 53.2, 1333917.950,-4654153.034, 4138417.764
 53.3, 1333917.950,-4654153.034, 4138417.764
 53.4, 1333917.950,-4654153.034, 4138417.764
 53.5, 1333917.950,-4654153.034, 4138417.764
 53.6, 1333917.950,-4654153.034, 4138417.764
 53.7, 1333917.950,-4654153.034, 4138417.764
 53.8, 1333917.950,-4654153.034, 4138417.764
 53.9, 1333917.950,-4654153.034, 4138417.764
 54.0, 1333917.950,-4654153.034, 4138417.764
 54.1, 1333917.950,-4654153.034, 4138417.764
 54.2, 1333917.950,-4654153.034, 4138417.764
 54.3, 1333917.950,-4654153.034, 4138417.764
 54.4, 1333917.950,-4654153.034, 4138417.764
 54.5, 1333917.950,-4654153.034, 4138417.764
 54.6, 1333917.950,-4654153.034, 4138417.764
 54.7, 1333917.950,-4654153.034, 4138417.764
 54.8, 1333917.950,-4654153.034, 4138417.764
 54.9, 1333917.950,-4654153.034, 4138417.764
 55.0, 1333917.950,-4654153.034, 4138417.764
 55.1, 1333917.950,-4654153.034, 4138417.764
 55.2, 1333917.950,-4654153.034, 4138417.764
 55.3, 1333917.950,-4654153.034, 4138417.764
 55.4, 1333917.950,-4654153.034, 4138417.764
 55.5, 1333917.950,-4654153.034, 4138417.764
 55.6, 1333917.950,-4654153.034, 4138417.764
 55.7, 1333917.950,-4654153.034, 4138417.764
 55.8, 1333917.950,-4654153.034, 4138417.764
 55.9, 1333917.950,-4654153.034, 4138417.764
 56.0, 1333917.950,-4654153.034, 4138417.764
 56.1, 1333917.950,-4654153.034, 4138417.764
 56.2, 1333917.950,-4654153.034, 4138417.764
 56.3, 1333917.950,-4654153.034, 4138417.764
 56.4, 1333917.950,-4654153.034, 4138417.764
 56.5, 1333917.950,-4654153.034, 4138417.764
 56.6, 1333917.950,-4654153.034, 4138417.764
 56.7, 1333917.950,-4654153.034, 4138417.764
 56.8, 1333917.950,-4654153.034, 4138417.764
 56.9, 1333917.950,-4654153.034, 4138417.764
 57.0, 1333917.950,-4654153.034, 4138417.764
 57.1, 1333917.950,-4654153.034, 4138417.764
 57.2, 1333917.950,-4654153.034, 4138417.764
 57.3, 1333917.950,-4654153.034, 4138417.764
 57.4, 1333917.950,-4654153.034, 4138417.764
 57.5, 1333917.950,-4654153.034, 4138417.764
 57.6, 1333917.950,-4654153.034, 4138417.764
 57.7, 1333917.950,-4654153.034, 4138417.764
 57.8, 1333917.950,-4654153.034, 4138417.764
 57.9, 1333917.950,-4654153.034, 4138417.764
 58.0, 1333917.950,-4654153.034, 4138417.764
 58.1, 1333917.950,-4654153.034, 4138417.764
 58.2, 1333917.950,-4654153.034, 4138417.764
 58.3, 1333917.950,-4654153.034, 4138417.764
 58.4, 1333917.950,-4654153.034, 4138417.764
 58.5, 1333917.950,-4654153.034, 4138417.764
 58.6, 1333917.950,-4654153.034, 4138417.764
 58.7, 1333917.950,-4654153.034, 4138417.764
 58.8, 1333917.950,-4654153.034, 4138417.764
 58.9, 1333917.950,-4654153.034, 4138417.764
 59.0, 1333917.950,-4654153.034, 4138417.764
 59.1, 1333917.950,-4654153.034, 4138417.764
 59.2, 1333917.950,-4654153.034, 4138417.764
 59.3, 1333917.950,-4654153.034, 4138417.764
 59.4, 1333917.950,-4654153.034, 4138417.764
 59.5, 1333917.950,-4654153.034, 4138417.764
 59.6, 1333917.950,-4654153.034, 4138417.764
 59.7, 1333917.950,-4654153.034, 4138417.764
 59.8, 1333917.950,-4654153.034, 4138417.764
 59.9, 1333917.950,-4654153.034, 4138417.764
 60.0, 1333917.950,-4654153.034, 4138417.764
 60.1, 1333917.950,-4654153.034, 4138417.764
 60.2, 1333917.950,-4654153.034, 4138417.764
 60.3, 1333917.950,-4654153.034, 4138417.764
 60.4, 1333917.950,-4654153.034, 4138417.764
 60.5, 1333917.950,-4654153.034, 4138417.764
 60.6, 1333917.950,-4654153.034, 4138417.764
 60.7, 1333917.950,-4654153.034, 4138417.764
 60.8, 1333917.950,-4654153.034, 4138417.764
 60.9, 1333917.950,-4654153.034, 4138417.764
 61.0, 1333917.950,-4654153.034, 4138417.764
 61.1, 1333917.950,-4654153.034, 4138417.764
 61.2, 1333917.950,-4654153.034, 4138417.764
 61.3, 1333917.950,-4654153.034, 4138417.764
 61.4, 1333917.950,-4654153.034, 4138417.764
 61.5, 1333917.950,-4654153.034, 4138417.764
 61.6, 1333917.950,-4654153.034, 4138417.764
 61.7, 1333917.950,-4654153.034, 4138417.764
 61.8, 1333917.950,-4654153.034, 4138417.764
 61.9, 1333917.950,-4654153.034, 4138417.764
 62.0, 1333917.950,-4654153.034, 4138417.764
 62.1, 1333917.950,-4654153.034, 4138417.764
 62.2, 1333917.950,-4654153.034, 4138417.764
 62.3, 1333917.950,-4654153.034, 4138417.764
 62.4, 1333917.950,-4654153.034, 4138417.764
 62.5, 1333917.950,-4654153.034, 4138417.764
 62.6, 1333917.950,-4654153.034, 4138417.764
 62.7, 1333917.950,-4654153.034, 4138417.764
 62.8, 1333917.950,-4654153.034, 4138417.764
 62.9, 1333917.950,-4654153.034, 4138417.764
 63.0, 1333917.950,-4654153.034, 4138417.764
 63.1, 1333917.950,-4654153.034, 4138417.764
 63.2, 1333917.950,-4654153.034, 4138417.764
 63.3, 1333917.950,-4654153.034, 4138417.764
 63.4, 1333917.950,-4654153.034, 4138417.764
 63.5, 1333917.950,-4654153.034, 4138417.764
 63.6, 1333917.950,-4654153.034, 4138417.764
 63.7, 1333917.950,-4654153.034, 4138417.764
 63.8, 1333917.950,-4654153.034, 4138417.764
 63.9, 1333917.950,-4654153.034, 4138417.764
 64.0, 1333917.950,-4654153.034, 4138417.764
 64.1, 1333917.950,-4654153.034, 4138417.764
 64.2, 1333917.950,-4654153.034, 4138417.764
 64.3, 1333917.950,-4654153.034, 4138417.764
 64.4, 1333917.950,-4654153.034, 4138417.764
 64.5, 1333917.950,-4654153.034, 4138417.764
 64.6, 1333917.950,-4654153.034, 4138417.764
 64.7, 1333917.950,-4654153.034, 4138417.764
 64.8, 1333917.950,-4654153.034, 4138417.764
 64.9, 1333917.950,-4654153.034, 4138417.764
 65.0, 1333917.950,-4654153.034, 4138417.764
 65.1, 1333917.950,-4654153.034, 4138417.764
 65.2, 1333917.950,-4654153.034, 4138417.764
 65.3, 1333917.950,-4654153.034, 4138417.764
 65.4, 1333917.950,-4654153.034, 4138417.764
 65.5, 1333917.950,-4654153.034, 4138417.764
 65.6, 1333917.950,-4654153.034, 4138417.764
 65.7, 1333917.950,-4654153.034, 4138417.764
 65.8, 1333917.950,-4654153.034, 4138417.764
 65.9, 1333917.950,-4654153.034, 4138417.764
 66.0, 1333917.950,-4654153.034, 4138417.764
 66.1, 1333917.950,-4654153.034, 4138417.764
 66.2, 1333917.950,-4654153.034, 4138417.764
 66.3, 1333917.950,-4654153.034, 4138417.764
 66.4, 1333917.950,-4654153.034, 4138417.764
 66.5, 1333917.950,-4654153.034, 4138417.764
 66.6, 1333917.950,-4654153.034, 4138417.764
 66.7, 1333917.950,-4654153.034, 4138417.764
 66.8, 1333917.950,-4654153.034, 4138417.764
 66.9, 1333917.950,-4654153.034, 4138417.764
 67.0, 1333917.950,-4654153.034, 4138417.764
 67.1, 1333917.950,-4654153.034, 4138417.764
 67.2, 1333917.950,-4654153.034, 4138417.764
 67.3, 1333917.950,-4654153.034, 4138417.764
 67.4, 1333917.950,-4654153.034, 4138417.764
 67.5, 1333917.950,-4654153.034, 4138417.764
 67.6, 1333917.950,-4654153.034, 4138417.764
 67.7, 1333917.950,-4654153.034, 4138417.764
 67.8, 1333917.950,-4654153.034, 4138417.764
 67.9, 1333917.950,-4654153.034, 4138417.764
 68.0, 1333917.950,-4654153.034, 4138417.764
 68.1, 1333917.950,-4654153.034, 4138417.764
 68.2, 1333917.950,-4654153.034, 4138417.764
 68.3, 1333917.950,-4654153.034, 4138417.764
 68.4, 1333917.950,-4654153.034, 4138417.764
 68.5, 1333917.950,-4654153.034, 4138417.764
 68.6, 1333917.950,-4654153.034, 4138417.764
 68.7, 1333917.950,-4654153.034, 4138417.764
 68.8, 1333917.950,-4654153.034, 4138417.764
 68.9, 1333917.950,-4654153.034, 4138417.764
 69.0, 1333917.950,-4654153.034, 4138417.764
 69.1, 1333917.950,-4654153.034, 4138417.764
 69.2, 1333917.950,-4654153.034, 4138417.764
 69.3, 1333917.950,-4654153.034, 4138417.764
 69.4, 1333917.950,-4654153.034, 4138417.764
 69.5, 1333917.950,-4654153.034, 4138417.764
 69.6, 1333917.950,-4654153.034, 4138417.764
 69.7, 1333917.950,-4654153.034, 4138417.764
 69.8, 1333917.950,-4654153.034, 4138417.764
 69.9, 1333917.950,-4654153.034, 4138417.764
 70.0, 1333917.950,-4654153.034, 4138417.764
 70.1, 1333917.950,-4654153.034, 4138417.764
 70.2, 1333917.950,-4654153.034, 4138417.764
 70.3, 1333917.950,-4654153.034, 4138417.764
 70.4, 1333917.950,-4654153.034, 4138417.764
 70.5, 1333917.950,-4654153.034, 4138417.764
 70.6, 1333917.950,-4654153.034, 4138417.764
 70.7, 1333917.950,-4654153.034, 4138417.764
 70.8, 1333917.950,-4654153.034, 4138417.764
 70.9, 1333917.950,-4654153.034, 4138417.764
 71.0, 1333917.950,-4654153.034, 4138417.764
 71.1, 1333917.950,-4654153.034, 4138417.764
 71.2, 1333917.950,-4654153.034, 4138417.764
 71.3, 1333917.950,-4654153.034, 4138417.764
 71.4, 1333917.950,-4654153.034, 4138417.764
 71.5, 1333917.950,-4654153.034, 4138417.764
 71.6, 1333917.950,-4654153.034, 4138417.764
 71.7, 1333917.950,-4654153.034, 4138417.764
 71.8, 1333917.950,-4654153.034, 4138417.764
 71.9, 1333917.950,-4654153.034, 4138417.764
 72.0, 1333917.950,-4654153.034, 4138417.764
 72.1, 1333917.950,-4654153.034, 4138417.764
 72.2, 1333917.950,-4654153.034, 4138417.764
 72.3, 1333917.950,-4654153.034, 4138417.764
 72.4, 1333917.950,-4654153.034, 4138417.764
 72.5, 1333917.950,-4654153.034, 4138417.764
 72.6, 1333917.950,-4654153.034, 4138417.764
 72.7, 1333917.950,-4654153.034, 4138417.764
 72.8, 1333917.950,-4654153.034, 4138417.764
 72.9, 1333917.950,-4654153.034, 4138417.764
 73.0, 1333917.950,-4654153.034, 4138417.764
 73.1, 1333917.950,-4654153.034, 4138417.764
 73.2, 1333917.950,-4654153.034, 4138417.764
 73.3, 1333917.950,-4654153.034, 4138417.764
 73.4, 1333917.950,-4654153.034, 4138417.764
 73.5, 1333917.950,-4654153.034, 4138417.764
 73.6, 1333917.950,-4654153.034, 4138417.764
 73.7, 1333917.950,-4654153.034, 4138417.764
 73.8, 1333917.950,-4654153.034, 4138417.764
 73.9, 1333917.950,-4654153.034, 4138417.764
 74.0, 1333917.950,-4654153.034, 4138417.764
 74.1, 1333917.950,-4654153.034, 4138417.764
 74.2, 1333917.950,-4654153.034, 4138417.764
 74.3, 1333917.950,-4654153.034, 4138417.764
 74.4, 1333917.950,-4654153.034, 4138417.764
 74.5, 1333917.950,-4654153.034, 4138417.764
 74.6, 1333917.950,-4654153.034, 4138417.764
 74.7, 1333917.950,-4654153.034, 4138417.764
 74.8, 1333917.950,-4654153.034, 4138417.764
 74.9, 1333917.950,-4654153.034, 4138417.764
 75.0, 1333917.950,-4654153.034, 4138417.764
 75.1, 1333917.950,-4654153.034, 4138417.764
 75.2, 1333917.950,-4654153.034, 4138417.764
 75.3, 1333917.950,-4654153.034, 4138417.764
 75.4, 1333917.950,-4654153.034, 4138417.764
 75.5, 1333917.950,-4654153.034, 4138417.764
 75.6, 1333917.950,-4654153.034, 4138417.764
 75.7, 1333917.950,-4654153.034, 4138417.764
 75.8, 1333917.950,-4654153.034, 4138417.764
 75.9, 1333917.950,-4654153.034, 4138417.764
 76.0, 1333917.950,-4654153.034, 4138417.764
 76.1, 1333917.950,-4654153.034, 4138417.764
 76.2, 1333917.950,-4654153.034, 4138417.764
 76.3, 1333917.950,-4654153.034, 4138417.764
 76.4, 1333917.950,-4654153.034, 4138417.764
 76.5, 1333917.950,-4654153.034, 4138417.764
 76.6, 1333917.950,-4654153.034, 4138417.764
 76.7, 1333917.950,-4654153.034, 4138417.764
 76.8, 1333917.950,-4654153.034, 4138417.764
 76.9, 1333917.950,-4654153.034, 4138417.764
 77.0, 1333917.950,-4654153.034, 4138417.764
 77.1, 1333917.950,-4654153.034, 4138417.764
 77.2, 1333917.950,-4654153.034, 4138417.764
 77.3, 1333917.950,-4654153.034, 4138417.764
 77.4, 1333917.950,-4654153.034, 4138417.764
 77.5, 1333917.950,-4654153.034, 4138417.764
 77.6, 1333917.950,-4654153.034, 4138417.764
 77.7, 1333917.950,-4654153.034, 4138417.764
 77.8, 1333917.950,-4654153.034, 4138417.764
 77.9, 1333917.950,-4654153.034, 4138417.764
 78.0, 1333917.950,-4654153.034, 4138417.764
 78.1, 1333917.950,-4654153.034, 4138417.764
 78.2, 1333917.950,-4654153.034, 4138417.764
 78.3, 1333917.950,-4654153.034, 4138417.764
 78.4, 1333917.950,-4654153.034, 4138417.764
 78.5, 1333917.950,-4654153.034, 4138417.764
 78.6, 1333917.950,-4654153.034, 4138417.764
 78.7, 1333917.950,-4654153.034, 4138417.764
 78.8, 1333917.950,-4654153.034, 4138417.764
 78.9, 1333917.950,-4654153.034, 4138417.764
 79.0, 1333917.950,-4654153.034, 4138417.764
 79.1, 1333917.950,-4654153.034, 4138417.764
 79.2, 1333917.950,-4654153.034, 4138417.764
 79.3, 1333917.950,-4654153.034, 4138417.764
 79.4, 1333917.950,-4654153.034, 4138417.764
 79.5, 1333917.950,-4654153.034, 4138417.764
 79.6, 1333917.950,-4654153.034, 4138417.764
 79.7, 1333917.950,-4654153.034, 4138417.764
 79.8, 1333917.950,-4654153.034, 4138417.764
 79.9, 1333917.953,-4654153.035, 4138417.763
 80.0, 1333917.960,-4654153.035, 4138417.760
 80.1, 1333917.974,-4654153.036, 4138417.754
 80.2, 1333917.904,-4654153.031, 4138417.783
 80.3, 1333917.938,-4654153.033, 4138417.769
 80.4, 1333917.892,-4654153.030, 4138417.788
 80.5, 1333917.765,-4654153.019, 4138417.841
 80.6, 1333917.750,-4654153.018, 4138417.847
 80.7, 1333917.656,-4654153.010, 4138417.886
 80.8, 1333917.481,-4654152.995, 4138417.958
 80.9, 1333917.320,-4654152.982, 4138418.025
 81.0, 1333917.174,-4654152.970, 4138418.085
 81.1, 1333916.935,-4654152.950, 4138418.183
 81.2, 1333916.819,-4654152.940, 4138418.232
 81.3, 1333916.490,-4654152.913, 4138418.368
 81.4, 1333916.284,-4654152.896, 4138418.453
 81.5, 1333915.969,-4654152.870, 4138418.583
 81.6, 1333915.661,-4654152.844, 4138418.710
 81.7, 1333915.361,-4654152.819, 4138418.834
 81.8, 1333915.068,-4654152.795, 4138418.955
 81.9, 1333914.652,-4654152.760, 4138419.127
 82.0, 1333914.240,-4654152.726, 4138419.297
 82.1, 1333913.833,-4654152.692, 4138419.465
 82.2, 1333913.432,-4654152.658, 4138419.631
 82.3, 1333912.894,-4654152.614, 4138419.853
 82.4, 1333912.359,-4654152.569, 4138420.074
 82.5, 1333911.978,-4654152.537, 4138420.232
 82.6, 1333911.455,-4654152.494, 4138420.447
 82.7, 1333910.785,-4654152.438, 4138420.724
 82.8, 1333910.275,-4654152.396, 4138420.935
 82.9, 1333909.614,-4654152.341, 4138421.208
 83.0, 1333908.960,-4654152.286, 4138421.478
 83.1, 1333908.313,-4654152.232, 4138421.746
 83.2, 1333907.675,-4654152.179, 4138422.009
 83.3, 1333907.046,-4654152.127, 4138422.269
 83.4, 1333906.261,-4654152.061, 4138422.594
 83.5, 1333905.652,-4654152.011, 4138422.845
 83.6, 1333904.887,-4654151.947, 4138423.161
 83.7, 1333904.132,-4654151.884, 4138423.473
 83.8, 1333903.217,-4654151.808, 4138423.851
 83.9, 1333902.484,-4654151.747, 4138424.154
 84.0, 1333901.592,-4654151.673, 4138424.522
 84.1, 1333900.713,-4654151.600, 4138424.886
 84.2, 1333899.847,-4654151.528, 4138425.243
 84.3, 1333898.819,-4654151.442, 4138425.668
 84.4, 1333897.983,-4654151.372, 4138426.014
 84.5, 1333896.984,-4654151.289, 4138426.426
 84.6, 1333896.001,-4654151.207, 4138426.833
 84.7, 1333895.033,-4654151.127, 4138427.232
 84.8, 1333893.903,-4654151.033, 4138427.699
 84.9, 1333892.970,-4654150.955, 4138428.085
 85.0, 1333891.874,-4654150.864, 4138428.538
 85.1, 1333890.796,-4654150.774, 4138428.983
 85.2, 1333889.736,-4654150.686, 4138429.421
 85.3, 1333888.513,-4654150.584, 4138429.926
 85.4, 1333887.308,-4654150.484, 4138430.424
 85.5, 1333886.122,-4654150.385, 4138430.914
 85.6, 1333884.953,-4654150.288, 4138431.397
 85.7, 1333883.798,-4654150.192, 4138431.874
 85.8, 1333882.472,-4654150.081, 4138432.422
 85.9, 1333881.157,-4654149.972, 4138432.965
 86.0, 1333880.034,-4654149.878, 4138433.429
 86.1, 1333878.734,-4654149.770, 4138433.966
 86.2, 1333877.439,-4654149.662, 4138434.501
 86.3, 1333876.146,-4654149.555, 4138435.036
 86.4, 1333874.853,-4654149.447, 4138435.570
 86.5, 1333873.559,-4654149.339, 4138436.104
 86.6, 1333872.264,-4654149.232, 4138436.639
 86.7, 1333870.969,-4654149.124, 4138437.174
 86.8, 1333869.673,-4654149.016, 4138437.710
 86.9, 1333868.560,-4654148.923, 4138438.169
 87.0, 1333867.263,-4654148.815, 4138438.705
 87.1, 1333865.966,-4654148.707, 4138439.241
 87.2, 1333864.668,-4654148.599, 4138439.778
 87.3, 1333863.369,-4654148.491, 4138440.314
 87.4, 1333862.071,-4654148.383, 4138440.850
 87.5, 1333860.772,-4654148.275, 4138441.387
 87.6, 1333859.473,-4654148.167, 4138441.924
 87.7, 1333858.174,-4654148.059, 4138442.460
 87.8, 1333856.874,-4654147.951, 4138442.997
 87.9, 1333855.759,-4654147.858, 4138443.458
 88.0, 1333854.460,-4654147.750, 4138443.995
 88.1, 1333853.160,-4654147.641, 4138444.532
 88.2, 1333851.860,-4654147.533, 4138445.069
 88.3, 1333850.560,-4654147.425, 4138445.606
 88.4, 1333849.260,-4654147.317, 4138446.143
 88.5, 1333847.960,-4654147.209, 4138446.680
 88.6, 1333846.660,-4654147.100, 4138447.217
 88.7, 1333845.360,-4654146.992, 4138447.754
 88.8, 1333844.244,-4654146.899, 4138448.215
 88.9, 1333842.944,-4654146.791, 4138448.752
 89.0, 1333841.644,-4654146.683, 4138449.290
 89.1, 1333840.344,-4654146.575, 4138449.827
 89.2, 1333839.043,-4654146.466, 4138450.364
 89.3, 1333837.743,-4654146.358, 4138450.901
 89.4, 1333836.443,-4654146.250, 4138451.438
 89.5, 1333835.142,-4654146.142, 4138451.976
 89.6, 1333833.842,-4654146.033, 4138452.513
 89.7, 1333832.726,-4654145.940, 4138452.974
 89.8, 1333831.426,-4654145.832, 4138453.511
 89.9, 1333830.125,-4654145.724, 4138454.048
 90.0, 1333828.825,-4654145.616, 4138454.586
 90.1, 1333827.524,-4654145.507, 4138455.123
 90.2, 1333826.224,-4654145.399, 4138455.660
 90.3, 1333824.924,-4654145.291, 4138456.197
 90.4, 1333823.623,-4654145.183, 4138456.735
 90.5, 1333822.323,-4654145.074, 4138457.272
 90.6, 1333821.207,-4654144.981, 4138457.733
 90.7, 1333819.906,-4654144.873, 4138458.270
 90.8, 1333818.606,-4654144.765, 4138458.807
 90.9, 1333817.305,-4654144.657, 4138459.345
 91.0, 1333816.005,-4654144.548, 4138459.882
 91.1, 1333814.705,-4654144.440, 4138460.419
 91.2, 1333813.407,-4654144.332, 4138460.955
 91.3, 1333812.106,-4654144.224, 4138461.493
 91.4, 1333810.806,-4654144.116, 4138462.030
 91.5, 1333809.690,-4654144.023, 4138462.491
 91.6, 1333808.389,-4654143.915, 4138463.028
 91.7, 1333807.089,-4654143.806, 4138463.565
 91.8, 1333805.788,-4654143.698, 4138464.103
 91.9, 1333804.488,-4654143.590, 4138464.640
 92.0, 1333803.187,-4654143.482, 4138465.177
 92.1, 1333801.887,-4654143.373, 4138465.714
 92.2, 1333800.586,-4654143.265, 4138466.252
 92.3, 1333799.286,-4654143.157, 4138466.789
 92.4, 1333798.169,-4654143.064, 4138467.250
 92.5, 1333796.869,-4654142.956, 4138467.787
 92.6, 1333795.568,-4654142.848, 4138468.325
 92.7, 1333794.268,-4654142.739, 4138468.862
 92.8, 1333792.967,-4654142.631, 4138469.399
 92.9, 1333791.666,-4654142.523, 4138469.936
 93.0, 1333790.365,-4654142.415, 4138470.474
 93.1, 1333789.065,-4654142.307, 4138471.011
 93.2, 1333787.764,-4654142.198, 4138471.548
 93.3, 1333786.647,-4654142.106, 4138472.009
 93.4, 1333785.346,-4654141.997, 4138472.547
 93.5, 1333784.045,-4654141.889, 4138473.084
 93.6, 1333782.744,-4654141.781, 4138473.621
 93.7, 1333781.443,-4654141.673, 4138474.158
 93.8, 1333780.141,-4654141.565, 4138474.696
 93.9, 1333778.840,-4654141.457, 4138475.233
 94.0, 1333777.538,-4654141.349, 4138475.770
 94.1, 1333776.236,-4654141.241, 4138476.308
 94.2, 1333775.119,-4654141.148, 4138476.769
 94.3, 1333773.817,-4654141.041, 4138477.306
 94.4, 1333772.515,-4654140.933, 4138477.844
 94.5, 1333771.213,-4654140.825, 4138478.381
 94.6, 1333769.911,-4654140.717, 4138478.918
 94.7, 1333768.609,-4654140.609, 4138479.456
 94.8, 1333767.306,-4654140.501, 4138479.993
 94.9, 1333766.004,-4654140.393, 4138480.530
 95.0, 1333764.886,-4654140.301, 4138480.992
 95.1, 1333763.584,-4654140.193, 4138481.529
 95.2, 1333762.282,-4654140.085, 4138482.066
 95.3, 1333760.979,-4654139.977, 4138482.604
 95.4, 1333759.677,-4654139.869, 4138483.141
 95.5, 1333758.375,-4654139.762, 4138483.678
 95.6, 1333757.072,-4654139.654, 4138484.216
 95.7, 1333755.770,-4654139.546, 4138484.753
 95.8, 1333754.652,-4654139.454, 4138485.214
 95.9, 1333753.349,-4654139.346, 4138485.752
 96.0, 1333752.047,-4654139.238, 4138486.289
 96.1, 1333750.745,-4654139.130, 4138486.826
 96.2, 1333749.442,-4654139.022, 4138487.364
 96.3, 1333748.140,-4654138.915, 4138487.901
 96.4, 1333746.837,-4654138.807, 4138488.438
 96.5, 1333745.535,-4654138.699, 4138488.976
 96.6, 1333744.233,-4654138.591, 4138489.513
 96.7, 1333743.115,-4654138.499, 4138489.974
 96.8, 1333741.812,-4654138.391, 4138490.511
 96.9, 1333740.510,-4654138.283, 4138491.049
 97.0, 1333739.208,-4654138.176, 4138491.586
 97.1, 1333737.905,-4654138.068, 4138492.123
 97.2, 1333736.603,-4654137.960, 4138492.660
 97.3, 1333735.301,-4654137.853, 4138493.197
 97.4, 1333733.999,-4654137.745, 4138493.734
 97.5, 1333732.881,-4654137.653, 4138494.195
 97.6, 1333731.579,-4654137.545, 4138494.732
 97.7, 1333730.277,-4654137.438, 4138495.269
 97.8, 1333728.975,-4654137.330, 4138495.806
 97.9, 1333727.673,-4654137.223, 4138496.343
 98.0, 1333726.371,-4654137.115, 4138496.880
 98.1, 1333725.070,-4654137.008, 4138497.416
 98.2, 1333723.768,-4654136.901, 4138497.953
 98.3, 1333722.467,-4654136.794, 4138498.489
 98.4, 1333721.350,-4654136.702, 4138498.949
 98.5, 1333720.049,-4654136.595, 4138499.485
 98.6, 1333718.748,-4654136.488, 4138500.021
 98.7, 1333717.447,-4654136.381, 4138500.557
 98.8, 1333716.147,-4654136.275, 4138501.092
 98.9, 1333714.846,-4654136.168, 4138501.627
 99.0, 1333713.547,-4654136.062, 4138502.161
 99.1, 1333712.247,-4654135.956, 4138502.696
 99.2, 1333710.949,-4654135.851, 4138503.229
 99.3, 1333709.835,-4654135.760, 4138503.687
 99.4, 1333708.537,-4654135.655, 4138504.219
 99.5, 1333707.240,-4654135.551, 4138504.751
 99.6, 1333705.944,-4654135.447, 4138505.282
 99.7, 1333704.649,-4654135.343, 4138505.812
 99.8, 1333703.354,-4654135.241, 4138506.342
 99.9, 1333702.058,-4654135.138, 4138506.871
100.0, 1333700.757,-4654135.036, 4138507.401
100.1, 1333699.451,-4654134.935, 4138507.933
100.2, 1333698.321,-4654134.848, 4138508.392
100.3, 1333696.996,-4654134.747, 4138508.928
100.4, 1333695.844,-4654134.661, 4138509.393
100.5, 1333694.494,-4654134.561, 4138509.937
100.6, 1333693.312,-4654134.475, 4138510.411
100.7, 1333692.111,-4654134.390, 4138510.891
100.8, 1333691.074,-4654134.318, 4138511.304
100.9, 1333689.836,-4654134.234, 4138511.794
101.0, 1333688.762,-4654134.163, 4138512.216
101.1, 1333687.670,-4654134.094, 4138512.644
101.2, 1333686.560,-4654134.026, 4138513.075
101.3, 1333685.614,-4654133.971, 4138513.439
101.4, 1333684.651,-4654133.917, 4138513.807
101.5, 1333683.491,-4654133.857, 4138514.246
101.6, 1333682.495,-4654133.809, 4138514.618
101.7, 1333681.663,-4654133.772, 4138514.926
101.8, 1333680.637,-4654133.731, 4138515.300
101.9, 1333679.775,-4654133.701, 4138515.609
102.0, 1333678.899,-4654133.675, 4138515.919
102.1, 1333678.009,-4654133.654, 4138516.228
102.2, 1333677.106,-4654133.638, 4138516.534
102.3, 1333676.365,-4654133.630, 4138516.780
102.4, 1333675.438,-4654133.628, 4138517.079
102.5, 1333674.673,-4654133.633, 4138517.319
102.6, 1333673.897,-4654133.645, 4138517.554
102.7, 1333673.110,-4654133.664, 4138517.784
102.8, 1333672.483,-4654133.687, 4138517.960
102.9, 1333671.676,-4654133.725, 4138518.175
103.0, 1333671.028,-4654133.764, 4138518.339
103.1, 1333670.370,-4654133.812, 4138518.496
103.2, 1333669.702,-4654133.872, 4138518.643
103.3, 1333669.187,-4654133.925, 4138518.749
103.4, 1333668.502,-4654134.007, 4138518.876
103.5, 1333667.966,-4654134.082, 4138518.964
103.6, 1333667.421,-4654134.168, 4138519.043
103.7, 1333666.867,-4654134.267, 4138519.109
103.8, 1333666.458,-4654134.349, 4138519.148
103.9, 1333665.894,-4654134.475, 4138519.188
104.0, 1333665.476,-4654134.579, 4138519.206
104.1, 1333665.056,-4654134.695, 4138519.211
104.2, 1333664.636,-4654134.822, 4138519.204
104.3, 1333664.219,-4654134.961, 4138519.182
104.4, 1333663.808,-4654135.112, 4138519.144
104.5, 1333663.403,-4654135.277, 4138519.090
104.6, 1333663.078,-4654135.422, 4138519.032
104.7, 1333662.818,-4654135.546, 4138518.976
104.8, 1333662.437,-4654135.743, 4138518.878
104.9, 1333661.946,-4654136.023, 4138518.723
105.0, 1333661.590,-4654136.243, 4138518.590
105.1, 1333661.247,-4654136.471, 4138518.446
105.2, 1333660.915,-4654136.704, 4138518.292
105.3, 1333660.597,-4654136.940, 4138518.130
105.4, 1333660.183,-4654137.267, 4138517.898
105.5, 1333659.786,-4654137.597, 4138517.655
105.6, 1333659.408,-4654137.930, 4138517.404
105.7, 1333659.049,-4654138.263, 4138517.148
105.8, 1333658.706,-4654138.594, 4138516.888
105.9, 1333658.279,-4654139.024, 4138516.544
106.0, 1333657.968,-4654139.351, 4138516.279
106.1, 1333657.574,-4654139.779, 4138515.926
106.2, 1333657.196,-4654140.207, 4138515.570
106.3, 1333656.738,-4654140.742, 4138515.118
106.4, 1333656.390,-4654141.165, 4138514.758
106.5, 1333655.963,-4654141.697, 4138514.299
106.6, 1333655.550,-4654142.227, 4138513.839
106.7, 1333655.152,-4654142.753, 4138513.379
106.8, 1333654.767,-4654143.274, 4138512.921
106.9, 1333654.307,-4654143.910, 4138512.357
107.0, 1333653.947,-4654144.419, 4138511.904
107.1, 1333653.514,-4654145.044, 4138511.345
107.2, 1333653.094,-4654145.662, 4138510.789
107.3, 1333652.685,-4654146.272, 4138510.238
107.4, 1333652.206,-4654147.000, 4138509.579
107.5, 1333651.821,-4654147.594, 4138509.038
107.6, 1333651.363,-4654148.309, 4138508.386
107.7, 1333650.915,-4654149.018, 4138507.737
107.8, 1333650.475,-4654149.723, 4138507.091
107.9, 1333650.041,-4654150.425, 4138506.446
108.0, 1333649.535,-4654151.254, 4138505.682
108.1, 1333649.112,-4654151.952, 4138505.037
108.2, 1333648.694,-4654152.649, 4138504.392
108.3, 1333648.278,-4654153.347, 4138503.746
108.4, 1333647.787,-4654154.178, 4138502.975
108.5, 1333647.376,-4654154.879, 4138502.323
108.6, 1333646.967,-4654155.581, 4138501.670
108.7, 1333646.484,-4654156.416, 4138500.892
108.8, 1333646.080,-4654157.120, 4138500.234
108.9, 1333645.679,-4654157.823, 4138499.577
109.0, 1333645.207,-4654158.657, 4138498.797
109.1, 1333644.814,-4654159.358, 4138498.140
109.2, 1333644.423,-4654160.058, 4138497.483
109.3, 1333643.963,-4654160.891, 4138496.700
109.4, 1333643.579,-4654161.594, 4138496.038
109.5, 1333643.196,-4654162.299, 4138495.372
109.6, 1333642.815,-4654163.009, 4138494.701
109.7, 1333642.436,-4654163.724, 4138494.024
109.8, 1333642.058,-4654164.444, 4138493.340
109.9, 1333641.683,-4654165.172, 4138492.647
110.0, 1333641.374,-4654165.780, 4138492.068
110.1, 1333641.002,-4654166.524, 4138491.355
110.2, 1333640.695,-4654167.150, 4138490.754
110.3, 1333640.391,-4654167.785, 4138490.142
110.4, 1333640.090,-4654168.428, 4138489.520
110.5, 1333639.850,-4654168.954, 4138489.009
110.6, 1333639.560,-4654169.611, 4138488.368
110.7, 1333639.329,-4654170.151, 4138487.839
110.8, 1333639.104,-4654170.697, 4138487.301
110.9, 1333638.887,-4654171.249, 4138486.754
111.0, 1333638.722,-4654171.687, 4138486.317
111.1, 1333638.523,-4654172.249, 4138485.754
111.2, 1333638.374,-4654172.697, 4138485.301
111.3, 1333638.235,-4654173.150, 4138484.839
111.4, 1333638.106,-4654173.606, 4138484.371
111.5, 1333637.991,-4654174.066, 4138483.894
111.6, 1333637.913,-4654174.419, 4138483.525
111.7, 1333637.827,-4654174.883, 4138483.034
111.8, 1333637.774,-4654175.242, 4138482.649
111.9, 1333637.736,-4654175.605, 4138482.256
112.0, 1333637.715,-4654175.970, 4138481.855
112.1, 1333637.712,-4654176.239, 4138481.556
112.2, 1333637.727,-4654176.606, 4138481.141
112.3, 1333637.755,-4654176.877, 4138480.829
112.4, 1333637.799,-4654177.147, 4138480.514
112.5, 1333637.862,-4654177.414, 4138480.195
112.6, 1333637.944,-4654177.676, 4138479.876
112.7, 1333638.048,-4654177.931, 4138479.558
112.8, 1333638.132,-4654178.100, 4138479.343
112.9, 1333638.275,-4654178.339, 4138479.029
113.0, 1333638.343,-4654178.437, 4138478.899
113.1, 1333638.523,-4654178.660, 4138478.592
113.2, 1333638.727,-4654178.871, 4138478.291
113.3, 1333638.952,-4654179.070, 4138477.996
113.4, 1333639.197,-4654179.258, 4138477.708
113.5, 1333639.458,-4654179.434, 4138477.428
113.6, 1333639.733,-4654179.599, 4138477.156
113.7, 1333640.018,-4654179.752, 4138476.893
113.8, 1333640.311,-4654179.896, 4138476.639
113.9, 1333640.607,-4654180.029, 4138476.396
114.0, 1333641.019,-4654180.196, 4138476.077
114.1, 1333641.438,-4654180.350, 4138475.771
114.2, 1333641.861,-4654180.492, 4138475.477
114.3, 1333642.287,-4654180.623, 4138475.195
114.4, 1333642.845,-4654180.780, 4138474.840
114.5, 1333643.274,-4654180.890, 4138474.579
114.6, 1333643.840,-4654181.026, 4138474.247
114.7, 1333644.408,-4654181.151, 4138473.925
114.8, 1333644.977,-4654181.267, 4138473.613
114.9, 1333645.696,-4654181.403, 4138473.232
115.0, 1333646.263,-4654181.502, 4138472.939
115.1, 1333646.982,-4654181.620, 4138472.578
115.2, 1333647.699,-4654181.729, 4138472.226
115.3, 1333648.414,-4654181.831, 4138471.884
115.4, 1333649.123,-4654181.926, 4138471.550
115.5, 1333649.992,-4654182.035, 4138471.150
115.6, 1333650.689,-4654182.118, 4138470.835
115.7, 1333651.546,-4654182.214, 4138470.453
115.8, 1333652.395,-4654182.305, 4138470.079
115.9, 1333653.236,-4654182.390, 4138469.715
116.0, 1333654.240,-4654182.487, 4138469.286
116.1, 1333655.060,-4654182.562, 4138468.939
116.2, 1333656.043,-4654182.649, 4138468.527
116.3, 1333657.015,-4654182.731, 4138468.125
116.4, 1333657.974,-4654182.809, 4138467.730
116.5, 1333659.098,-4654182.897, 4138467.272
116.6, 1333660.209,-4654182.982, 4138466.823
116.7, 1333661.125,-4654183.049, 4138466.454
116.8, 1333662.205,-4654183.126, 4138466.022
116.9, 1333663.451,-4654183.213, 4138465.526
117.0, 1333664.499,-4654183.284, 4138465.111
117.1, 1333665.712,-4654183.365, 4138464.633
117.2, 1333666.910,-4654183.443, 4138464.162
117.3, 1333668.090,-4654183.518, 4138463.700
117.4, 1333669.256,-4654183.591, 4138463.245
117.5, 1333670.595,-4654183.674, 4138462.724
117.6, 1333671.923,-4654183.756, 4138462.208
117.7, 1333673.058,-4654183.824, 4138461.768
117.8, 1333674.371,-4654183.903, 4138461.260
117.9, 1333675.680,-4654183.981, 4138460.754
118.0, 1333676.986,-4654184.057, 4138460.250
118.1, 1333678.292,-4654184.134, 4138459.747
118.2, 1333679.600,-4654184.210, 4138459.243
118.3, 1333680.908,-4654184.286, 4138458.740
118.4, 1333682.217,-4654184.361, 4138458.237
118.5, 1333683.528,-4654184.436, 4138457.733
118.6, 1333684.653,-4654184.500, 4138457.301
118.7, 1333685.965,-4654184.575, 4138456.798
118.8, 1333687.277,-4654184.650, 4138456.294
118.9, 1333688.590,-4654184.725, 4138455.790
119.0, 1333689.903,-4654184.799, 4138455.287
119.1, 1333691.216,-4654184.874, 4138454.783
119.2, 1333692.529,-4654184.948, 4138454.279
119.3, 1333693.843,-4654185.023, 4138453.776
119.4, 1333695.156,-4654185.097, 4138453.272
119.5, 1333696.469,-4654185.172, 4138452.769
119.6, 1333697.596,-4654185.236, 4138452.336
119.7, 1333698.909,-4654185.311, 4138451.833
119.8, 1333700.221,-4654185.385, 4138451.329
119.9, 1333701.533,-4654185.460, 4138450.826
120.0, 1333702.844,-4654185.535, 4138450.322
120.1, 1333704.154,-4654185.611, 4138449.818
120.2, 1333705.463,-4654185.686, 4138449.315
120.3, 1333706.771,-4654185.762, 4138448.811
120.4, 1333708.078,-4654185.838, 4138448.308
120.5, 1333709.383,-4654185.915, 4138447.804
120.6, 1333710.690,-4654185.992, 4138447.300
120.7, 1333711.815,-4654186.059, 4138446.865
120.8, 1333713.130,-4654186.138, 4138446.356
120.9, 1333714.452,-4654186.219, 4138445.843
121.0, 1333715.783,-4654186.301, 4138445.325
121.1, 1333716.940,-4654186.373, 4138444.874
121.2, 1333718.110,-4654186.447, 4138444.416
121.3, 1333719.295,-4654186.523, 4138443.952
121.4, 1333720.496,-4654186.602, 4138443.479
121.5, 1333721.714,-4654186.684, 4138442.998
121.6, 1333722.767,-4654186.756, 4138442.580
121.7, 1333724.018,-4654186.845, 4138442.081
121.8, 1333725.103,-4654186.923, 4138441.646
121.9, 1333726.024,-4654186.992, 4138441.274
122.0, 1333727.139,-4654187.078, 4138440.821
122.1, 1333728.089,-4654187.154, 4138440.433
122.2, 1333729.230,-4654187.248, 4138439.962
122.3, 1333730.205,-4654187.333, 4138439.555
122.4, 1333731.016,-4654187.406, 4138439.214
122.5, 1333732.014,-4654187.500, 4138438.789
122.6, 1333732.848,-4654187.582, 4138438.430
122.7, 1333733.692,-4654187.670, 4138438.062
122.8, 1333734.545,-4654187.763, 4138437.685
122.9, 1333735.405,-4654187.862, 4138437.299
123.0, 1333736.270,-4654187.969, 4138436.903
123.1, 1333736.976,-4654188.061, 4138436.574
123.2, 1333737.688,-4654188.160, 4138436.236
123.3, 1333738.404,-4654188.266, 4138435.889
123.4, 1333739.123,-4654188.379, 4138435.532
123.5, 1333739.842,-4654188.502, 4138435.164
123.6, 1333740.411,-4654188.606, 4138434.866
123.7, 1333740.982,-4654188.717, 4138434.559
123.8, 1333741.698,-4654188.869, 4138434.160
123.9, 1333742.266,-4654189.001, 4138433.831
124.0, 1333742.695,-4654189.108, 4138433.574
124.1, 1333743.259,-4654189.260, 4138433.223
124.2, 1333743.688,-4654189.387, 4138432.945
124.3, 1333744.116,-4654189.524, 4138432.655
124.4, 1333744.542,-4654189.672, 4138432.353
124.5, 1333744.962,-4654189.833, 4138432.038
124.6, 1333745.374,-4654190.009, 4138431.710
124.7, 1333745.671,-4654190.149, 4138431.459
124.8, 1333745.962,-4654190.299, 4138431.198
124.9, 1333746.244,-4654190.460, 4138430.927
125.0, 1333746.514,-4654190.632, 4138430.649
125.1, 1333746.770,-4654190.816, 4138430.362
125.2, 1333747.008,-4654191.011, 4138430.067
125.3, 1333747.226,-4654191.218, 4138429.766
125.4, 1333747.421,-4654191.437, 4138429.459
125.5, 1333747.426,-4654191.443, 4138429.451
125.6, 1333747.596,-4654191.674, 4138429.138
125.7, 1333747.742,-4654191.916, 4138428.821
125.8, 1333747.865,-4654192.167, 4138428.501
125.9, 1333747.967,-4654192.427, 4138428.179
126.0, 1333748.048,-4654192.692, 4138427.857
126.1, 1333748.111,-4654192.961, 4138427.536
126.2, 1333748.157,-4654193.232, 4138427.219
126.3, 1333748.188,-4654193.502, 4138426.906
126.4, 1333748.209,-4654193.870, 4138426.489
126.5, 1333748.212,-4654194.137, 4138426.190
126.6, 1333748.199,-4654194.501, 4138425.788
126.7, 1333748.171,-4654194.862, 4138425.394
126.8, 1333748.114,-4654195.327, 4138424.892
126.9, 1333748.058,-4654195.682, 4138424.514
127.0, 1333747.970,-4654196.143, 4138424.026
127.1, 1333747.867,-4654196.602, 4138423.546
127.2, 1333747.753,-4654197.058, 4138423.074
127.3, 1333747.629,-4654197.509, 4138422.610
127.4, 1333747.459,-4654198.073, 4138422.033
127.5, 1333747.318,-4654198.515, 4138421.586
127.6, 1333747.129,-4654199.071, 4138421.025
127.7, 1333746.932,-4654199.621, 4138420.473
127.8, 1333746.728,-4654200.166, 4138419.930
127.9, 1333746.519,-4654200.704, 4138419.396
128.0, 1333746.255,-4654201.359, 4138418.748
128.1, 1333745.986,-4654202.008, 4138418.109
128.2, 1333745.712,-4654202.650, 4138417.481
128.3, 1333745.435,-4654203.283, 4138416.862
128.4, 1333745.157,-4654203.906, 4138416.255
128.5, 1333744.879,-4654204.520, 4138415.658
128.6, 1333744.540,-4654205.253, 4138414.947
128.7, 1333744.202,-4654205.976, 4138414.248
128.8, 1333743.864,-4654206.688, 4138413.560
128.9, 1333743.464,-4654207.523, 4138412.757
129.0, 1333743.127,-4654208.216, 4138412.089
129.1, 1333742.727,-4654209.035, 4138411.303
129.2, 1333742.392,-4654209.715, 4138410.651
129.3, 1333741.992,-4654210.522, 4138409.878
129.4, 1333741.591,-4654211.325, 4138409.108
129.5, 1333741.190,-4654212.126, 4138408.342
129.6, 1333740.788,-4654212.925, 4138407.578
129.7, 1333740.385,-4654213.726, 4138406.813
129.8, 1333739.981,-4654214.526, 4138406.049
129.9, 1333739.577,-4654215.326, 4138405.284
130.0, 1333739.171,-4654216.127, 4138404.519
130.1, 1333738.767,-4654216.927, 4138403.754
130.2, 1333738.362,-4654217.728, 4138402.990
130.3, 1333737.959,-4654218.527, 4138402.226
130.4, 1333737.557,-4654219.326, 4138401.462
130.5, 1333737.156,-4654220.126, 4138400.697
130.6, 1333736.755,-4654220.928, 4138399.929
130.7, 1333736.355,-4654221.733, 4138399.158
130.8, 1333735.955,-4654222.543, 4138398.381
130.9, 1333735.620,-4654223.226, 4138397.725
131.0, 1333735.220,-4654224.048, 4138396.935
131.1, 1333734.883,-4654224.747, 4138396.262
131.2, 1333734.545,-4654225.455, 4138395.580
131.3, 1333734.207,-4654226.173, 4138394.885
131.4, 1333733.868,-4654226.902, 4138394.179
131.5, 1333733.530,-4654227.641, 4138393.462
131.6, 1333733.252,-4654228.260, 4138392.859
131.7, 1333732.974,-4654228.889, 4138392.246
131.8, 1333732.699,-4654229.527, 4138391.621
131.9, 1333732.428,-4654230.173, 4138390.987
132.0, 1333732.161,-4654230.826, 4138390.342
132.1, 1333731.950,-4654231.361, 4138389.812
132.2, 1333731.743,-4654231.904, 4138389.273
132.3, 1333731.498,-4654232.575, 4138388.601
132.4, 1333731.348,-4654233.007, 4138388.166
132.5, 1333731.164,-4654233.567, 4138387.600
132.6, 1333730.991,-4654234.130, 4138387.026
132.7, 1333730.863,-4654234.580, 4138386.565
132.8, 1333730.744,-4654235.034, 4138386.095
132.9, 1333730.637,-4654235.492, 4138385.618
133.0, 1333730.543,-4654235.954, 4138385.132
133.1, 1333730.482,-4654236.307, 4138384.757
133.2, 1333730.417,-4654236.774, 4138384.256
133.3, 1333730.382,-4654237.135, 4138383.864
133.4, 1333730.360,-4654237.500, 4138383.464
133.5, 1333730.356,-4654237.867, 4138383.055
133.6, 1333730.366,-4654238.137, 4138382.750
133.7, 1333730.398,-4654238.505, 4138382.328
133.8, 1333730.439,-4654238.777, 4138382.012
133.9, 1333730.496,-4654239.047, 4138381.691
134.0, 1333730.571,-4654239.315, 4138381.369
134.1, 1333730.665,-4654239.577, 4138381.046
134.2, 1333730.781,-4654239.832, 4138380.724
134.3, 1333730.918,-4654240.079, 4138380.404
134.4, 1333731.025,-4654240.240, 4138380.189
134.5, 1333731.079,-4654240.314, 4138380.090
134.6, 1333731.265,-4654240.539, 4138379.779
134.7, 1333731.473,-4654240.752, 4138379.474
134.8, 1333731.703,-4654240.953, 4138379.177
134.9, 1333731.951,-4654241.142, 4138378.885
135.0, 1333732.214,-4654241.320, 4138378.602
135.1, 1333732.490,-4654241.488, 4138378.327
135.2, 1333732.776,-4654241.644, 4138378.061
135.3, 1333733.068,-4654241.790, 4138377.805
135.4, 1333733.475,-4654241.973, 4138377.470
135.5, 1333733.891,-4654242.142, 4138377.148
135.6, 1333734.313,-4654242.297, 4138376.839
135.7, 1333734.738,-4654242.441, 4138376.542
135.8, 1333735.165,-4654242.573, 4138376.258
135.9, 1333735.725,-4654242.733, 4138375.900
136.0, 1333736.152,-4654242.846, 4138375.637
136.1, 1333736.717,-4654242.985, 4138375.301
136.2, 1333737.284,-4654243.114, 4138374.976
136.3, 1333737.850,-4654243.233, 4138374.661
136.4, 1333738.565,-4654243.374, 4138374.275
136.5, 1333739.281,-4654243.504, 4138373.901
136.6, 1333739.841,-4654243.599, 4138373.615
136.7, 1333740.553,-4654243.713, 4138373.260
136.8, 1333741.260,-4654243.820, 4138372.914
136.9, 1333742.126,-4654243.942, 4138372.500
137.0, 1333742.823,-4654244.036, 4138372.173
137.1, 1333743.679,-4654244.144, 4138371.778
137.2, 1333744.529,-4654244.246, 4138371.392
137.3, 1333745.370,-4654244.342, 4138371.016
137.4, 1333746.201,-4654244.432, 4138370.648
137.5, 1333747.196,-4654244.536, 4138370.214
137.6, 1333748.181,-4654244.633, 4138369.790
137.7, 1333749.155,-4654244.726, 4138369.374
137.8, 1333750.116,-4654244.815, 4138368.967
137.9, 1333751.064,-4654244.899, 4138368.570
138.0, 1333752.177,-4654244.995, 4138368.107
138.1, 1333753.096,-4654245.071, 4138367.727
138.2, 1333754.179,-4654245.160, 4138367.281
138.3, 1333755.428,-4654245.259, 4138366.771
138.4, 1333756.480,-4654245.340, 4138366.344
138.5, 1333757.696,-4654245.432, 4138365.851
138.6, 1333758.713,-4654245.507, 4138365.442
138.7, 1333759.898,-4654245.594, 4138364.966
138.8, 1333761.249,-4654245.691, 4138364.425
138.9, 1333762.404,-4654245.773, 4138363.964
139.0, 1333763.731,-4654245.866, 4138363.435
139.1, 1333764.865,-4654245.944, 4138362.984
139.2, 1333766.177,-4654246.034, 4138362.464
139.3, 1333767.482,-4654246.122, 4138361.947
139.4, 1333768.785,-4654246.210, 4138361.432
139.5, 1333770.086,-4654246.297, 4138360.919
139.6, 1333771.388,-4654246.383, 4138360.405
139.7, 1333772.691,-4654246.469, 4138359.892
139.8, 1333773.996,-4654246.555, 4138359.379
139.9, 1333775.301,-4654246.641, 4138358.865
140.0, 1333776.608,-4654246.726, 4138358.352
140.1, 1333777.729,-4654246.799, 4138357.911
140.2, 1333779.037,-4654246.884, 4138357.397
140.3, 1333780.346,-4654246.969, 4138356.884
140.4, 1333781.655,-4654247.053, 4138356.370
140.5, 1333782.965,-4654247.138, 4138355.856
140.6, 1333784.275,-4654247.222, 4138355.343
140.7, 1333785.585,-4654247.306, 4138354.829
140.8, 1333786.896,-4654247.391, 4138354.315
140.9, 1333788.207,-4654247.475, 4138353.802
141.0, 1333789.332,-4654247.547, 4138353.361
141.1, 1333790.643,-4654247.631, 4138352.847
141.2, 1333791.955,-4654247.715, 4138352.333
141.3, 1333793.267,-4654247.799, 4138351.820
141.4, 1333794.578,-4654247.883, 4138351.306
141.5, 1333795.890,-4654247.967, 4138350.792
141.6, 1333797.202,-4654248.050, 4138350.279
141.7, 1333798.514,-4654248.134, 4138349.765
141.8, 1333799.826,-4654248.218, 4138349.252
141.9, 1333800.952,-4654248.290, 4138348.811
142.0, 1333802.264,-4654248.373, 4138348.297
142.1, 1333803.576,-4654248.457, 4138347.784
142.2, 1333804.888,-4654248.541, 4138347.271
142.3, 1333806.200,-4654248.624, 4138346.757
142.4, 1333807.512,-4654248.707, 4138346.244
142.5, 1333808.824,-4654248.791, 4138345.731
142.6, 1333810.136,-4654248.874, 4138345.218
142.7, 1333811.447,-4654248.957, 4138344.705
142.8, 1333812.573,-4654249.029, 4138344.265
142.9, 1333813.884,-4654249.112, 4138343.752
143.0, 1333815.195,-4654249.195, 4138343.240
143.1, 1333816.506,-4654249.278, 4138342.728
143.2, 1333817.817,-4654249.360, 4138342.216
143.3, 1333819.127,-4654249.443, 4138341.704
143.4, 1333820.437,-4654249.525, 4138341.193
143.5, 1333821.747,-4654249.607, 4138340.682
143.6, 1333823.056,-4654249.689, 4138340.171
143.7, 1333824.365,-4654249.770, 4138339.661
143.8, 1333825.487,-4654249.840, 4138339.224
143.9, 1333826.794,-4654249.921, 4138338.715
144.0, 1333828.101,-4654250.001, 4138338.207
144.1, 1333829.406,-4654250.081, 4138337.700
144.2, 1333830.711,-4654250.161, 4138337.194
144.3, 1333832.017,-4654250.239, 4138336.688
144.4, 1333833.325,-4654250.318, 4138336.181
144.5, 1333834.638,-4654250.395, 4138335.674
144.6, 1333835.958,-4654250.473, 4138335.165
144.7, 1333837.103,-4654250.539, 4138334.725
144.8, 1333838.443,-4654250.615, 4138334.211
144.9, 1333839.612,-4654250.680, 4138333.763
145.0, 1333840.796,-4654250.745, 4138333.312
145.1, 1333841.996,-4654250.809, 4138332.856
145.2, 1333843.216,-4654250.873, 4138332.394
145.3, 1333844.271,-4654250.926, 4138331.997
145.4, 1333845.528,-4654250.987, 4138331.527
145.5, 1333846.619,-4654251.038, 4138331.120
145.6, 1333847.729,-4654251.087, 4138330.710
145.7, 1333848.673,-4654251.126, 4138330.364
145.8, 1333849.816,-4654251.171, 4138329.948
145.9, 1333850.795,-4654251.206, 4138329.595
146.0, 1333851.787,-4654251.239, 4138329.241
146.1, 1333852.797,-4654251.268, 4138328.886
146.2, 1333853.821,-4654251.293, 4138328.529
146.3, 1333854.680,-4654251.311, 4138328.235
146.4, 1333855.554,-4654251.324, 4138327.940
146.5, 1333856.442,-4654251.333, 4138327.646
146.6, 1333857.342,-4654251.337, 4138327.353
146.7, 1333858.255,-4654251.334, 4138327.064
146.8, 1333859.004,-4654251.327, 4138326.832
146.9, 1333859.765,-4654251.314, 4138326.603
147.0, 1333860.537,-4654251.295, 4138326.377
147.1, 1333861.320,-4654251.268, 4138326.156
147.2, 1333862.112,-4654251.233, 4138325.942
147.3, 1333862.745,-4654251.198, 4138325.778
147.4, 1333863.555,-4654251.144, 4138325.580
147.5, 1333864.206,-4654251.092, 4138325.430
147.6, 1333864.866,-4654251.030, 4138325.288
147.7, 1333865.534,-4654250.956, 4138325.156
147.8, 1333866.049,-4654250.892, 4138325.063
147.9, 1333866.575,-4654250.818, 4138324.977
148.0, 1333867.265,-4654250.708, 4138324.879
148.1, 1333867.807,-4654250.609, 4138324.816
148.2, 1333868.206,-4654250.528, 4138324.778
148.3, 1333868.762,-4654250.404, 4138324.739
148.4, 1333869.173,-4654250.302, 4138324.722
148.5, 1333869.587,-4654250.189, 4138324.715
148.6, 1333870.142,-4654250.021, 4138324.726
148.7, 1333870.553,-4654249.881, 4138324.750
148.8, 1333870.959,-4654249.730, 4138324.789
148.9, 1333871.359,-4654249.565, 4138324.845
149.0, 1333871.623,-4654249.447, 4138324.892
149.1, 1333871.817,-4654249.355, 4138324.933
149.2, 1333872.196,-4654249.161, 4138325.028
149.3, 1333872.562,-4654248.955, 4138325.141
149.4, 1333872.916,-4654248.738, 4138325.270
149.5, 1333873.259,-4654248.512, 4138325.414
149.6, 1333873.588,-4654248.278, 4138325.569
149.7, 1333874.011,-4654247.954, 4138325.795
149.8, 1333874.311,-4654247.709, 4138325.974
149.9, 1333874.598,-4654247.462, 4138326.158
150.0, 1333874.969,-4654247.123, 4138326.417
150.1, 1333875.322,-4654246.782, 4138326.685
150.2, 1333875.657,-4654246.441, 4138326.959
150.3, 1333875.975,-4654246.102, 4138327.236
150.4, 1333876.368,-4654245.661, 4138327.602
150.5, 1333876.654,-4654245.327, 4138327.885
150.6, 1333877.014,-4654244.888, 4138328.260
150.7, 1333877.358,-4654244.450, 4138328.638
150.8, 1333877.688,-4654244.015, 4138329.019
150.9, 1333878.088,-4654243.469, 4138329.501
151.0, 1333878.390,-4654243.041, 4138329.882
151.1, 1333878.761,-4654242.500, 4138330.368
151.2, 1333879.118,-4654241.963, 4138330.854
151.3, 1333879.463,-4654241.430, 4138331.338
151.4, 1333879.872,-4654240.781, 4138331.933
151.5, 1333880.192,-4654240.259, 4138332.413
151.6, 1333880.576,-4654239.620, 4138333.004
151.7, 1333880.948,-4654238.988, 4138333.591
151.8, 1333881.309,-4654238.363, 4138334.174
151.9, 1333881.659,-4654237.746, 4138334.751
152.0, 1333882.070,-4654237.009, 4138335.443
152.1, 1333882.469,-4654236.280, 4138336.129
152.2, 1333882.788,-4654235.691, 4138336.685
152.3, 1333883.237,-4654234.852, 4138337.479
152.4, 1333883.607,-4654234.153, 4138338.141
152.5, 1333884.035,-4654233.334, 4138338.919
152.6, 1333884.385,-4654232.658, 4138339.562
152.7, 1333884.794,-4654231.861, 4138340.321
152.8, 1333885.194,-4654231.077, 4138341.069
152.9, 1333885.652,-4654230.172, 4138341.934
153.0, 1333886.100,-4654229.279, 4138342.788
153.1, 1333886.473,-4654228.534, 4138343.501
153.2, 1333886.971,-4654227.532, 4138344.461
153.3, 1333887.395,-4654226.674, 4138345.283
153.4, 1333887.812,-4654225.828, 4138346.095
153.5, 1333888.290,-4654224.855, 4138347.029
153.6, 1333888.697,-4654224.024, 4138347.827
153.7, 1333889.165,-4654223.064, 4138348.750
153.8, 1333889.631,-4654222.107, 4138349.669
153.9, 1333890.095,-4654221.153, 4138350.586
154.0, 1333890.557,-4654220.200, 4138351.503
154.1, 1333891.018,-4654219.247, 4138352.420
154.2, 1333891.480,-4654218.293, 4138353.338
154.3, 1333891.941,-4654217.338, 4138354.257
154.4, 1333892.402,-4654216.382, 4138355.177
154.5, 1333892.863,-4654215.426, 4138356.098
154.6, 1333893.323,-4654214.469, 4138357.019
154.7, 1333893.719,-4654213.648, 4138357.810
154.8, 1333894.179,-4654212.690, 4138358.733
154.9, 1333894.640,-4654211.733, 4138359.655
155.0, 1333895.100,-4654210.774, 4138360.578
155.1, 1333895.560,-4654209.816, 4138361.501
155.2, 1333896.020,-4654208.858, 4138362.425
155.3, 1333896.481,-4654207.899, 4138363.349
155.4, 1333896.941,-4654206.940, 4138364.272
155.5, 1333897.401,-4654205.981, 4138365.196
155.6, 1333897.860,-4654205.023, 4138366.120
155.7, 1333898.255,-4654204.200, 4138366.913
155.8, 1333898.715,-4654203.241, 4138367.837
155.9, 1333899.174,-4654202.282, 4138368.761
156.0, 1333899.634,-4654201.324, 4138369.684
156.1, 1333900.093,-4654200.365, 4138370.608
156.2, 1333900.552,-4654199.407, 4138371.531
156.3, 1333901.011,-4654198.449, 4138372.454
156.4, 1333901.470,-4654197.492, 4138373.377
156.5, 1333901.929,-4654196.534, 4138374.300
156.6, 1333902.387,-4654195.577, 4138375.222
156.7, 1333902.845,-4654194.621, 4138376.144
156.8, 1333903.238,-4654193.801, 4138376.934
156.9, 1333903.696,-4654192.846, 4138377.854
157.0, 1333904.153,-4654191.892, 4138378.774
157.1, 1333904.610,-4654190.938, 4138379.693
157.2, 1333905.067,-4654189.984, 4138380.612
157.3, 1333905.525,-4654189.028, 4138381.534
157.4, 1333905.984,-4654188.069, 4138382.458
157.5, 1333906.446,-4654187.105, 4138383.387
157.6, 1333906.846,-4654186.269, 4138384.192
157.7, 1333907.315,-4654185.291, 4138385.135
157.8, 1333907.723,-4654184.439, 4138385.957
157.9, 1333908.137,-4654183.575, 4138386.789
158.0, 1333908.556,-4654182.700, 4138387.633
158.1, 1333908.982,-4654181.811, 4138388.489
158.2, 1333909.414,-4654180.910, 4138389.358
158.3, 1333909.788,-4654180.129, 4138390.111
158.4, 1333910.168,-4654179.335, 4138390.875
158.5, 1333910.554,-4654178.529, 4138391.652
158.6, 1333910.945,-4654177.711, 4138392.440
158.7, 1333911.279,-4654177.014, 4138393.112
158.8, 1333911.619,-4654176.306, 4138393.795
158.9, 1333911.963,-4654175.587, 4138394.488
159.0, 1333912.312,-4654174.858, 4138395.191
159.1, 1333912.666,-4654174.119, 4138395.902
159.2, 1333912.962,-4654173.501, 4138396.498
159.3, 1333913.263,-4654172.873, 4138397.103
159.4, 1333913.568,-4654172.237, 4138397.716
159.5, 1333913.876,-4654171.593, 4138398.337
159.6, 1333914.187,-4654170.943, 4138398.963
159.7, 1333914.442,-4654170.411, 4138399.476
159.8, 1333914.700,-4654169.873, 4138399.995
159.9, 1333915.019,-4654169.207, 4138400.636
160.0, 1333915.281,-4654168.659, 4138401.164
160.1, 1333915.488,-4654168.227, 4138401.581
160.2, 1333915.754,-4654167.672, 4138402.116
160.3, 1333915.965,-4654167.231, 4138402.541
160.4, 1333916.178,-4654166.786, 4138402.969
160.5, 1333916.446,-4654166.228, 4138403.507
160.6, 1333916.659,-4654165.784, 4138403.936
160.7, 1333916.820,-4654165.446, 4138404.261
160.8, 1333917.034,-4654165.001, 4138404.690
160.9, 1333917.196,-4654164.661, 4138405.017
161.0, 1333917.407,-4654164.221, 4138405.441
161.1, 1333917.568,-4654163.885, 4138405.765
161.2, 1333917.728,-4654163.551, 4138406.087
161.3, 1333917.886,-4654163.221, 4138406.405
161.4, 1333918.041,-4654162.896, 4138406.718
161.5, 1333918.153,-4654162.664, 4138406.942
161.6, 1333918.303,-4654162.351, 4138407.244
161.7, 1333918.410,-4654162.126, 4138407.461
161.8, 1333918.516,-4654161.905, 4138407.673
161.9, 1333918.619,-4654161.690, 4138407.881
162.0, 1333918.719,-4654161.482, 4138408.081
162.1, 1333918.814,-4654161.283, 4138408.273
162.2, 1333918.905,-4654161.093, 4138408.456
162.3, 1333918.965,-4654160.969, 4138408.576
162.4, 1333919.046,-4654160.799, 4138408.740
162.5, 1333919.099,-4654160.688, 4138408.847
162.6, 1333919.149,-4654160.583, 4138408.947
162.7, 1333919.196,-4654160.486, 4138409.041
162.8, 1333919.223,-4654160.429, 4138409.097
162.9, 1333919.250,-4654160.373, 4138409.150
163.0, 1333919.274,-4654160.322, 4138409.199
163.1, 1333919.295,-4654160.279, 4138409.241
163.2, 1333919.305,-4654160.258, 4138409.261
163.3, 1333919.309,-4654160.249, 4138409.269
163.4, 1333919.314,-4654160.240, 4138409.279
163.5, 1333919.315,-4654160.237, 4138409.282
163.6, 1333919.318,-4654160.232, 4138409.286
163.7, 1333922.580,-4654153.420, 4138415.851
163.8, 1333922.580,-4654153.420, 4138415.851
163.9, 1333922.580,-4654153.420, 4138415.851
164.0, 1333922.580,-4654153.420, 4138415.851
164.1, 1333922.580,-4654153.420, 4138415.851
164.2, 1333922.580,-4654153.420, 4138415.851
164.3, 1333922.580,-4654153.420, 4138415.851
164.4, 1333922.580,-4654153.420, 4138415.851
164.5, 1333922.580,-4654153.420, 4138415.851
164.6, 1333922.580,-4654153.420, 4138415.851
164.7, 1333922.580,-4654153.420, 4138415.851
164.8, 1333922.580,-4654153.420, 4138415.851
164.9, 1333922.580,-4654153.420, 4138415.851
165.0, 1333922.580,-4654153.420, 4138415.851
165.1, 1333922.580,-4654153.420, 4138415.851
165.2, 1333922.580,-4654153.420, 4138415.851
165.3, 1333922.580,-4654153.420, 4138415.851
165.4, 1333922.580,-4654153.420, 4138415.851
165.5, 1333922.580,-4654153.420, 4138415.851
165.6, 1333922.580,-4654153.420, 4138415.851
165.7, 1333922.580,-4654153.420, 4138415.851
165.8, 1333922.580,-4654153.420, 4138415.851
165.9, 1333922.580,-4654153.420, 4138415.851
166.0, 1333922.580,-4654153.420, 4138415.851
166.1, 1333922.580,-4654153.420, 4138415.851
166.2, 1333922.580,-4654153.420, 4138415.851
166.3, 1333922.580,-4654153.420, 4138415.851
166.4, 1333922.580,-4654153.420, 4138415.851
166.5, 1333922.580,-4654153.420, 4138415.851
166.6, 1333922.580,-4654153.420, 4138415.851
166.7, 1333922.580,-4654153.420, 4138415.851
166.8, 1333922.580,-4654153.420, 4138415.851
166.9, 1333922.580,-4654153.420, 4138415.851
167.0, 1333922.580,-4654153.420, 4138415.851
167.1, 1333922.580,-4654153.420, 4138415.851
167.2, 1333922.580,-4654153.420, 4138415.851
167.3, 1333922.580,-4654153.420, 4138415.851
167.4, 1333922.580,-4654153.420, 4138415.851
167.5, 1333922.580,-4654153.420, 4138415.851
167.6, 1333922.580,-4654153.420, 4138415.851
167.7, 1333922.580,-4654153.420, 4138415.851
167.8, 1333922.580,-4654153.420, 4138415.851
167.9, 1333922.580,-4654153.420, 4138415.851
168.0, 1333922.580,-4654153.420, 4138415.851
168.1, 1333922.580,-4654153.420, 4138415.851
168.2, 1333922.580,-4654153.420, 4138415.851
168.3, 1333922.580,-4654153.420, 4138415.851
168.4, 1333922.580,-4654153.420, 4138415.851
168.5, 1333922.580,-4654153.420, 4138415.851
168.6, 1333922.580,-4654153.420, 4138415.851
168.7, 1333922.580,-4654153.420, 4138415.851
168.8, 1333922.580,-4654153.420, 4138415.851
168.9, 1333922.580,-4654153.420, 4138415.851
169.0, 1333922.580,-4654153.420, 4138415.851
